"","entrezgene_id","model_gene","ensembl_gene_id"
"1",12,12.1,"ENSG00000196136"
"2",13,13.1,"ENSG00000114771"
"3",15,15.1,"ENSG00000129673"
"4",18,18.1,"ENSG00000183044"
"5",18,18.2,"ENSG00000183044"
"6",19,19.1,"ENSG00000165029"
"7",26,26.1,"ENSG00000002726"
"8",28,28.1,"ENSG00000281879"
"9",28,28.1,"ENSG00000175164"
"10",30,30.1,"ENSG00000060971"
"11",31,31.2,"ENSG00000275176"
"12",31,31.2,"ENSG00000278540"
"13",31,31.1,"ENSG00000275176"
"14",31,31.1,"ENSG00000278540"
"15",31,31.5,"ENSG00000275176"
"16",31,31.5,"ENSG00000278540"
"17",31,31.3,"ENSG00000275176"
"18",31,31.3,"ENSG00000278540"
"19",31,31.4,"ENSG00000275176"
"20",31,31.4,"ENSG00000278540"
"21",32,32.1,"ENSG00000076555"
"22",33,33.1,"ENSG00000115361"
"23",34,34.1,"ENSG00000117054"
"24",35,35.1,"ENSG00000122971"
"25",36,36.1,"ENSG00000196177"
"26",37,37.1,"ENSG00000072778"
"27",38,38.1,"ENSG00000075239"
"28",39,39.1,"ENSG00000120437"
"29",43,43.1,"ENSG00000087085"
"30",43,43.2,"ENSG00000087085"
"31",47,47.1,"ENSG00000131473"
"32",47,47.2,"ENSG00000131473"
"33",48,48.1,"ENSG00000122729"
"34",50,50.1,"ENSG00000100412"
"35",51,51.2,"ENSG00000161533"
"36",51,51.1,"ENSG00000161533"
"37",52,52.3,"ENSG00000143727"
"38",52,52.2,"ENSG00000143727"
"39",52,52.1,"ENSG00000143727"
"40",53,53.1,"ENSG00000134575"
"41",54,54.1,"ENSG00000102575"
"42",55,55.1,"ENSG00000014257"
"43",95,95.1,"ENSG00000243989"
"44",97,97.1,"ENSG00000119640"
"45",97,97.2,"ENSG00000119640"
"46",98,98.1,"ENSG00000170634"
"47",100,100.1,"ENSG00000196839"
"48",107,107.1,"ENSG00000164742"
"49",108,108.1,"ENSG00000078295"
"50",109,109.1,"ENSG00000138031"
"51",111,111.1,"ENSG00000173175"
"52",112,112.2,"ENSG00000174233"
"53",112,112.1,"ENSG00000174233"
"54",113,113.1,"ENSG00000121281"
"55",114,114.1,"ENSG00000155897"
"56",115,115.1,"ENSG00000162104"
"57",124,124.1,"ENSG00000187758"
"58",125,125.1,"ENSG00000196616"
"59",126,126.1,"ENSG00000248144"
"60",127,127.1,"ENSG00000198099"
"61",128,128.1,"ENSG00000197894"
"62",130,130.1,"ENSG00000172955"
"63",131,131.1,"ENSG00000196344"
"64",132,132.1,"ENSG00000156110"
"65",132,132.2,"ENSG00000156110"
"66",158,158.1,"ENSG00000239900"
"67",158,158.2,"ENSG00000239900"
"68",159,159.1,"ENSG00000035687"
"69",175,175.1,"ENSG00000038002"
"70",178,178.2,"ENSG00000162688"
"71",178,178.4,"ENSG00000162688"
"72",178,178.3,"ENSG00000162688"
"73",178,178.5,"ENSG00000162688"
"74",178,178.1,"ENSG00000162688"
"75",178,178.6,"ENSG00000162688"
"76",189,189.1,"ENSG00000172482"
"77",191,191.1,"ENSG00000101444"
"78",203,203.1,"ENSG00000106992"
"79",204,204.1,"ENSG00000004455"
"80",204,204.3,"ENSG00000004455"
"81",204,204.2,"ENSG00000004455"
"82",205,205.2,"ENSG00000162433"
"83",205,205.1,"ENSG00000162433"
"84",205,205.3,"ENSG00000162433"
"85",210,210.1,"ENSG00000148218"
"86",210,210.2,"ENSG00000148218"
"87",211,211.1,"ENSG00000023330"
"88",211,211.2,"ENSG00000023330"
"89",212,212.1,"ENSG00000158578"
"90",213,213.1,"ENSG00000163631"
"91",215,215.1,"ENSG00000101986"
"92",216,216.1,"ENSG00000165092"
"93",217,217.1,"ENSG00000111275"
"94",218,218.1,"ENSG00000108602"
"95",219,219.1,"ENSG00000137124"
"96",220,220.1,"ENSG00000184254"
"97",221,221.1,"ENSG00000006534"
"98",222,222.1,"ENSG00000132746"
"99",223,223.1,"ENSG00000143149"
"100",224,224.1,"ENSG00000072210"
"101",225,225.1,"ENSG00000173208"
"102",226,226.1,"ENSG00000149925"
"103",226,226.2,"ENSG00000149925"
"104",226,226.3,"ENSG00000149925"
"105",229,229.1,"ENSG00000136872"
"106",230,230.1,"ENSG00000109107"
"107",231,231.1,"ENSG00000085662"
"108",239,239.1,"ENSG00000108839"
"109",240,240.1,"ENSG00000012779"
"110",240,240.1,"ENSG00000275565"
"111",242,242.1,"ENSG00000179477"
"112",246,246.1,"ENSG00000161905"
"113",247,247.1,"ENSG00000179593"
"114",248,248.1,"ENSG00000163295"
"115",249,249.1,"ENSG00000162551"
"116",250,250.1,"ENSG00000163283"
"117",251,251.1,"ENSG00000163286"
"118",262,262.1,"ENSG00000123505"
"119",270,270.1,"ENSG00000116748"
"120",271,271.3,"ENSG00000116337"
"121",271,271.2,"ENSG00000116337"
"122",271,271.1,"ENSG00000116337"
"123",272,272.1,"ENSG00000133805"
"124",275,275.1,"ENSG00000145020"
"125",276,276.1,"ENSG00000237763"
"126",276,276.2,"ENSG00000237763"
"127",277,277.1,"ENSG00000174876"
"128",278,278.1,"ENSG00000187733"
"129",279,279.1,"ENSG00000243480"
"130",280,280.1,"ENSG00000240038"
"131",290,290.1,"ENSG00000166825"
"132",291,291.1,"ENSG00000151729"
"133",292,292.1,"ENSG00000005022"
"134",293,293.1,"ENSG00000169100"
"135",314,314.1,"ENSG00000131480"
"136",314,314.2,"ENSG00000131480"
"137",316,316.1,"ENSG00000138356"
"138",318,318.2,"ENSG00000164978"
"139",318,318.1,"ENSG00000164978"
"140",318,318.3,"ENSG00000164978"
"141",335,335.1,"ENSG00000118137"
"142",338,338.1,"ENSG00000084674"
"143",341,341.1,"ENSG00000130208"
"144",343,343.1,"ENSG00000103375"
"145",344,344.1,"ENSG00000234906"
"146",345,345.1,"ENSG00000110245"
"147",348,348.1,"ENSG00000130203"
"148",353,353.1,"ENSG00000198931"
"149",358,358.1,"ENSG00000240583"
"150",359,359.1,"ENSG00000167580"
"151",361,361.1,"ENSG00000171885"
"152",362,362.1,"ENSG00000161798"
"153",366,366.1,"ENSG00000103569"
"154",383,383.1,"ENSG00000118520"
"155",384,384.1,"ENSG00000081181"
"156",410,410.1,"ENSG00000100299"
"157",411,411.1,"ENSG00000113273"
"158",411,411.2,"ENSG00000113273"
"159",412,412.1,"ENSG00000101846"
"160",427,427.1,"ENSG00000104763"
"161",427,427.2,"ENSG00000104763"
"162",435,435.1,"ENSG00000126522"
"163",438,438.1,"ENSG00000196433"
"164",440,440.1,"ENSG00000070669"
"165",440,440.2,"ENSG00000070669"
"166",440,440.3,"ENSG00000070669"
"167",443,443.1,"ENSG00000108381"
"168",445,445.2,"ENSG00000130707"
"169",445,445.1,"ENSG00000130707"
"170",471,471.1,"ENSG00000138363"
"171",476,476.1,"ENSG00000163399"
"172",477,477.1,"ENSG00000018625"
"173",478,478.1,"ENSG00000105409"
"174",480,480.1,"ENSG00000132681"
"175",481,481.1,"ENSG00000143153"
"176",482,482.1,"ENSG00000129244"
"177",483,483.1,"ENSG00000069849"
"178",490,490.1,"ENSG00000070961"
"179",491,491.1,"ENSG00000157087"
"180",492,492.1,"ENSG00000067842"
"181",493,493.1,"ENSG00000058668"
"182",495,495.1,"ENSG00000105675"
"183",496,496.1,"ENSG00000186009"
"184",496,496.1,"ENSG00000288359"
"185",498,498.2,"ENSG00000152234"
"186",498,498.3,"ENSG00000152234"
"187",498,498.1,"ENSG00000152234"
"188",501,501.1,"ENSG00000164904"
"189",506,506.1,"ENSG00000110955"
"190",509,509.2,"ENSG00000165629"
"191",509,509.1,"ENSG00000165629"
"192",513,513.2,"ENSG00000099624"
"193",513,513.1,"ENSG00000099624"
"194",514,514.2,"ENSG00000124172"
"195",514,514.1,"ENSG00000124172"
"196",515,515.1,"ENSG00000116459"
"197",515,515.3,"ENSG00000116459"
"198",515,515.2,"ENSG00000116459"
"199",516,516.1,"ENSG00000159199"
"200",516,516.2,"ENSG00000159199"
"201",517,517.1,"ENSG00000135390"
"202",517,517.2,"ENSG00000135390"
"203",518,518.2,"ENSG00000154518"
"204",518,518.1,"ENSG00000154518"
"205",518,518.3,"ENSG00000154518"
"206",521,521.1,"ENSG00000169020"
"207",522,522.5,"ENSG00000154723"
"208",522,522.1,"ENSG00000154723"
"209",522,522.3,"ENSG00000154723"
"210",522,522.2,"ENSG00000154723"
"211",522,522.4,"ENSG00000154723"
"212",523,523.1,"ENSG00000114573"
"213",525,525.1,"ENSG00000116039"
"214",526,526.1,"ENSG00000147416"
"215",527,527.1,"ENSG00000185883"
"216",528,528.2,"ENSG00000155097"
"217",528,528.1,"ENSG00000155097"
"218",529,529.1,"ENSG00000131100"
"219",533,533.1,"ENSG00000117410"
"220",534,534.2,"ENSG00000230900"
"221",534,534.2,"ENSG00000227587"
"222",534,534.2,"ENSG00000206445"
"223",534,534.2,"ENSG00000213760"
"224",534,534.2,"ENSG00000234920"
"225",534,534.2,"ENSG00000226850"
"226",534,534.2,"ENSG00000234668"
"227",534,534.1,"ENSG00000230900"
"228",534,534.1,"ENSG00000227587"
"229",534,534.1,"ENSG00000206445"
"230",534,534.1,"ENSG00000213760"
"231",534,534.1,"ENSG00000234920"
"232",534,534.1,"ENSG00000226850"
"233",534,534.1,"ENSG00000234668"
"234",535,535.1,"ENSG00000033627"
"235",539,539.1,"ENSG00000241837"
"236",549,549.1,"ENSG00000148090"
"237",570,570.1,"ENSG00000276559"
"238",570,570.1,"ENSG00000136881"
"239",586,586.1,"ENSG00000060982"
"240",587,587.1,"ENSG00000105552"
"241",593,593.1,"ENSG00000248098"
"242",594,594.2,"ENSG00000083123"
"243",594,594.1,"ENSG00000083123"
"244",622,622.2,"ENSG00000161267"
"245",622,622.2,"ENSG00000275544"
"246",622,622.1,"ENSG00000161267"
"247",622,622.1,"ENSG00000275544"
"248",622,622.3,"ENSG00000161267"
"249",622,622.3,"ENSG00000275544"
"250",635,635.1,"ENSG00000145692"
"251",644,644.1,"ENSG00000106605"
"252",645,645.1,"ENSG00000090013"
"253",669,669.2,"ENSG00000172331"
"254",669,669.1,"ENSG00000172331"
"255",682,682.1,"ENSG00000172270"
"256",686,686.1,"ENSG00000169814"
"257",759,759.1,"ENSG00000133742"
"258",760,760.1,"ENSG00000104267"
"259",761,761.1,"ENSG00000164879"
"260",762,762.1,"ENSG00000167434"
"261",763,763.1,"ENSG00000174990"
"262",765,765.1,"ENSG00000131686"
"263",766,766.2,"ENSG00000168748"
"264",766,766.1,"ENSG00000168748"
"265",767,767.1,"ENSG00000178538"
"266",768,768.1,"ENSG00000107159"
"267",771,771.1,"ENSG00000074410"
"268",771,771.2,"ENSG00000074410"
"269",788,788.1,"ENSG00000178537"
"270",790,790.1,"ENSG00000084774"
"271",847,847.1,"ENSG00000121691"
"272",873,873.1,"ENSG00000159228"
"273",874,874.1,"ENSG00000159231"
"274",875,875.1,"ENSG00000160200"
"275",883,883.1,"ENSG00000171097"
"276",883,883.1,"ENSG00000286112"
"277",948,948.1,"ENSG00000135218"
"278",949,949.1,"ENSG00000073060"
"279",952,952.1,"ENSG00000004468"
"280",953,953.1,"ENSG00000138185"
"281",954,954.2,"ENSG00000054179"
"282",954,954.1,"ENSG00000054179"
"283",955,955.1,"ENSG00000197586"
"284",956,956.1,"ENSG00000168032"
"285",957,957.1,"ENSG00000187097"
"286",978,978.1,"ENSG00000158825"
"287",1036,1036.1,"ENSG00000129596"
"288",1040,1040.1,"ENSG00000163624"
"289",1056,1056.1,"ENSG00000170835"
"290",1103,1103.3,"ENSG00000070748"
"291",1103,1103.2,"ENSG00000070748"
"292",1103,1103.4,"ENSG00000070748"
"293",1103,1103.1,"ENSG00000070748"
"294",1109,1109.1,"ENSG00000198610"
"295",1118,1118.1,"ENSG00000133063"
"296",1119,1119.2,"ENSG00000110721"
"297",1119,1119.1,"ENSG00000110721"
"298",1120,1120.1,"ENSG00000100288"
"299",1120,1120.2,"ENSG00000100288"
"300",1152,1152.1,"ENSG00000166165"
"301",1158,1158.1,"ENSG00000104879"
"302",1159,1159.1,"ENSG00000237289"
"303",1160,1160.1,"ENSG00000131730"
"304",1178,1178.1,"ENSG00000105205"
"305",1200,1200.1,"ENSG00000166340"
"306",1215,1215.1,"ENSG00000092009"
"307",1244,1244.1,"ENSG00000023839"
"308",1267,1267.1,"ENSG00000173786"
"309",1312,1312.2,"ENSG00000093010"
"310",1312,1312.1,"ENSG00000093010"
"311",1327,1327.1,"ENSG00000131143"
"312",1329,1329.1,"ENSG00000135940"
"313",1337,1337.1,"ENSG00000111775"
"314",1339,1339.1,"ENSG00000156885"
"315",1340,1340.1,"ENSG00000126267"
"316",1345,1345.1,"ENSG00000164919"
"317",1346,1346.1,"ENSG00000161281"
"318",1347,1347.1,"ENSG00000112695"
"319",1349,1349.1,"ENSG00000131174"
"320",1350,1350.1,"ENSG00000127184"
"321",1351,1351.1,"ENSG00000176340"
"322",1356,1356.1,"ENSG00000047457"
"323",1357,1357.1,"ENSG00000091704"
"324",1358,1358.1,"ENSG00000158516"
"325",1371,1371.1,"ENSG00000080819"
"326",1373,1373.2,"ENSG00000021826"
"327",1373,1373.1,"ENSG00000021826"
"328",1374,1374.1,"ENSG00000110090"
"329",1375,1375.3,"ENSG00000205560"
"330",1375,1375.4,"ENSG00000205560"
"331",1375,1375.2,"ENSG00000205560"
"332",1375,1375.1,"ENSG00000205560"
"333",1376,1376.1,"ENSG00000157184"
"334",1384,1384.3,"ENSG00000095321"
"335",1384,1384.2,"ENSG00000095321"
"336",1384,1384.1,"ENSG00000095321"
"337",1431,1431.1,"ENSG00000062485"
"338",1431,1431.2,"ENSG00000062485"
"339",1468,1468.1,"ENSG00000183048"
"340",1491,1491.2,"ENSG00000116761"
"341",1491,1491.1,"ENSG00000116761"
"342",1503,1503.1,"ENSG00000171793"
"343",1537,1537.1,"ENSG00000179091"
"344",1543,1543.1,"ENSG00000140465"
"345",1544,1544.1,"ENSG00000140505"
"346",1545,1545.1,"ENSG00000138061"
"347",1548,1548.1,"ENSG00000255974"
"348",1549,1549.1,"ENSG00000198077"
"349",1551,1551.1,"ENSG00000160870"
"350",1553,1553.1,"ENSG00000197838"
"351",1555,1555.1,"ENSG00000197408"
"352",1557,1557.1,"ENSG00000165841"
"353",1558,1558.2,"ENSG00000138115"
"354",1558,1558.1,"ENSG00000138115"
"355",1559,1559.1,"ENSG00000138109"
"356",1562,1562.1,"ENSG00000108242"
"357",1565,1565.1,"ENSG00000100197"
"358",1565,1565.1,"ENSG00000282966"
"359",1565,1565.1,"ENSG00000283284"
"360",1565,1565.1,"ENSG00000272532"
"361",1565,1565.1,"ENSG00000280905"
"362",1565,1565.1,"ENSG00000275211"
"363",1571,1571.1,"ENSG00000130649"
"364",1572,1572.1,"ENSG00000197446"
"365",1573,1573.1,"ENSG00000134716"
"366",1576,1576.1,"ENSG00000160868"
"367",1577,1577.1,"ENSG00000106258"
"368",1579,1579.1,"ENSG00000187048"
"369",1580,1580.1,"ENSG00000142973"
"370",1581,1581.1,"ENSG00000167910"
"371",1582,1582.1,"ENSG00000180432"
"372",1583,1583.1,"ENSG00000140459"
"373",1583,1583.1,"ENSG00000288362"
"374",1584,1584.1,"ENSG00000160882"
"375",1585,1585.1,"ENSG00000179142"
"376",1586,1586.1,"ENSG00000148795"
"377",1588,1588.2,"ENSG00000137869"
"378",1588,1588.1,"ENSG00000137869"
"379",1589,1589.1,"ENSG00000198457"
"380",1589,1589.1,"ENSG00000233151"
"381",1589,1589.1,"ENSG00000206338"
"382",1589,1589.1,"ENSG00000235134"
"383",1589,1589.1,"ENSG00000231852"
"384",1589,1589.1,"ENSG00000232414"
"385",1591,1591.1,"ENSG00000019186"
"386",1592,1592.1,"ENSG00000095596"
"387",1593,1593.1,"ENSG00000135929"
"388",1594,1594.1,"ENSG00000111012"
"389",1595,1595.1,"ENSG00000001630"
"390",1603,1603.1,"ENSG00000129562"
"391",1606,1606.1,"ENSG00000065357"
"392",1607,1607.1,"ENSG00000136267"
"393",1607,1607.2,"ENSG00000136267"
"394",1608,1608.1,"ENSG00000058866"
"395",1609,1609.1,"ENSG00000145214"
"396",1610,1610.1,"ENSG00000110887"
"397",1621,1621.1,"ENSG00000123454"
"398",1622,1622.1,"ENSG00000155368"
"399",1629,1629.1,"ENSG00000137992"
"400",1632,1632.1,"ENSG00000167969"
"401",1633,1633.1,"ENSG00000156136"
"402",1635,1635.1,"ENSG00000129187"
"403",1636,1636.1,"ENSG00000159640"
"404",1638,1638.1,"ENSG00000080166"
"405",1644,1644.1,"ENSG00000132437"
"406",1645,1645.1,"ENSG00000187134"
"407",1650,1650.1,"ENSG00000244038"
"408",1666,1666.1,"ENSG00000104325"
"409",1716,1716.2,"ENSG00000114956"
"410",1716,1716.4,"ENSG00000114956"
"411",1716,1716.3,"ENSG00000114956"
"412",1716,1716.1,"ENSG00000114956"
"413",1716,1716.5,"ENSG00000114956"
"414",1717,1717.1,"ENSG00000172893"
"415",1718,1718.1,"ENSG00000116133"
"416",1719,1719.1,"ENSG00000228716"
"417",1723,1723.1,"ENSG00000102967"
"418",1727,1727.1,"ENSG00000100243"
"419",1737,1737.1,"ENSG00000150768"
"420",1738,1738.1,"ENSG00000091140"
"421",1743,1743.1,"ENSG00000119689"
"422",1757,1757.1,"ENSG00000123453"
"423",1786,1786.1,"ENSG00000130816"
"424",1787,1787.2,"ENSG00000107614"
"425",1787,1787.6,"ENSG00000107614"
"426",1787,1787.1,"ENSG00000107614"
"427",1787,1787.3,"ENSG00000107614"
"428",1787,1787.5,"ENSG00000107614"
"429",1787,1787.4,"ENSG00000107614"
"430",1788,1788.2,"ENSG00000119772"
"431",1788,1788.4,"ENSG00000119772"
"432",1788,1788.3,"ENSG00000119772"
"433",1788,1788.1,"ENSG00000119772"
"434",1789,1789.2,"ENSG00000088305"
"435",1789,1789.4,"ENSG00000088305"
"436",1789,1789.3,"ENSG00000088305"
"437",1789,1789.1,"ENSG00000088305"
"438",1798,1798.2,"ENSG00000172269"
"439",1798,1798.1,"ENSG00000172269"
"440",1800,1800.1,"ENSG00000015413"
"441",1806,1806.1,"ENSG00000188641"
"442",1807,1807.1,"ENSG00000147647"
"443",1808,1808.1,"ENSG00000092964"
"444",1809,1809.1,"ENSG00000113657"
"445",1811,1811.1,"ENSG00000091138"
"446",1836,1836.1,"ENSG00000155850"
"447",1841,1841.1,"ENSG00000168393"
"448",1854,1854.1,"ENSG00000128951"
"449",1890,1890.1,"ENSG00000025708"
"450",1891,1891.1,"ENSG00000282853"
"451",1891,1891.1,"ENSG00000104823"
"452",1892,1892.1,"ENSG00000127884"
"453",1962,1962.1,"ENSG00000113790"
"454",2023,2023.1,"ENSG00000074800"
"455",2026,2026.1,"ENSG00000111674"
"456",2027,2027.1,"ENSG00000108515"
"457",2027,2027.2,"ENSG00000108515"
"458",2030,2030.1,"ENSG00000112759"
"459",2052,2052.1,"ENSG00000143819"
"460",2053,2053.1,"ENSG00000120915"
"461",2098,2098.1,"ENSG00000139684"
"462",2108,2108.1,"ENSG00000140374"
"463",2109,2109.2,"ENSG00000105379"
"464",2109,2109.1,"ENSG00000105379"
"465",2110,2110.1,"ENSG00000171503"
"466",2131,2131.1,"ENSG00000182197"
"467",2132,2132.2,"ENSG00000151348"
"468",2132,2132.1,"ENSG00000151348"
"469",2134,2134.1,"ENSG00000158008"
"470",2135,2135.1,"ENSG00000162694"
"471",2137,2137.1,"ENSG00000012232"
"472",2147,2147.1,"ENSG00000180210"
"473",2168,2168.1,"ENSG00000163586"
"474",2180,2180.1,"ENSG00000151726"
"475",2181,2181.1,"ENSG00000123983"
"476",2181,2181.2,"ENSG00000123983"
"477",2182,2182.1,"ENSG00000068366"
"478",2182,2182.2,"ENSG00000068366"
"479",2184,2184.1,"ENSG00000103876"
"480",2194,2194.1,"ENSG00000169710"
"481",2203,2203.1,"ENSG00000165140"
"482",2222,2222.1,"ENSG00000079459"
"483",2222,2222.1,"ENSG00000284967"
"484",2224,2224.1,"ENSG00000160752"
"485",2235,2235.2,"ENSG00000066926"
"486",2235,2235.1,"ENSG00000066926"
"487",2243,2243.1,"ENSG00000171560"
"488",2271,2271.1,"ENSG00000091483"
"489",2326,2326.1,"ENSG00000010932"
"490",2327,2327.1,"ENSG00000094963"
"491",2328,2328.1,"ENSG00000007933"
"492",2329,2329.1,"ENSG00000076258"
"493",2330,2330.1,"ENSG00000131781"
"494",2348,2348.1,"ENSG00000110195"
"495",2348,2348.6,"ENSG00000110195"
"496",2348,2348.3,"ENSG00000110195"
"497",2348,2348.2,"ENSG00000110195"
"498",2348,2348.4,"ENSG00000110195"
"499",2348,2348.5,"ENSG00000110195"
"500",2350,2350.1,"ENSG00000165457"
"501",2352,2352.1,"ENSG00000110203"
"502",2356,2356.1,"ENSG00000136877"
"503",2495,2495.1,"ENSG00000167996"
"504",2512,2512.1,"ENSG00000087086"
"505",2517,2517.1,"ENSG00000179163"
"506",2519,2519.1,"ENSG00000001036"
"507",2523,2523.1,"ENSG00000174951"
"508",2525,2525.1,"ENSG00000171124"
"509",2530,2530.1,"ENSG00000033170"
"510",2530,2530.3,"ENSG00000033170"
"511",2530,2530.4,"ENSG00000033170"
"512",2530,2530.5,"ENSG00000033170"
"513",2530,2530.2,"ENSG00000033170"
"514",2531,2531.1,"ENSG00000119537"
"515",2538,2538.1,"ENSG00000131482"
"516",2539,2539.1,"ENSG00000160211"
"517",2542,2542.1,"ENSG00000137700"
"518",2542,2542.1,"ENSG00000281500"
"519",2548,2548.1,"ENSG00000171298"
"520",2571,2571.2,"ENSG00000128683"
"521",2571,2571.1,"ENSG00000128683"
"522",2572,2572.1,"ENSG00000136750"
"523",2581,2581.1,"ENSG00000054983"
"524",2582,2582.2,"ENSG00000117308"
"525",2582,2582.1,"ENSG00000117308"
"526",2583,2583.1,"ENSG00000135454"
"527",2584,2584.1,"ENSG00000108479"
"528",2585,2585.2,"ENSG00000156958"
"529",2585,2585.1,"ENSG00000156958"
"530",2588,2588.1,"ENSG00000141012"
"531",2589,2589.1,"ENSG00000141429"
"532",2590,2590.1,"ENSG00000143641"
"533",2591,2591.1,"ENSG00000115339"
"534",2592,2592.2,"ENSG00000213930"
"535",2592,2592.3,"ENSG00000213930"
"536",2592,2592.1,"ENSG00000213930"
"537",2593,2593.1,"ENSG00000130005"
"538",2593,2593.2,"ENSG00000130005"
"539",2595,2595.1,"ENSG00000214013"
"540",2597,2597.1,"ENSG00000111640"
"541",2618,2618.1,"ENSG00000159131"
"542",2618,2618.1,"ENSG00000262473"
"543",2618,2618.2,"ENSG00000159131"
"544",2618,2618.2,"ENSG00000262473"
"545",2628,2628.1,"ENSG00000171766"
"546",2629,2629.5,"ENSG00000177628"
"547",2629,2629.5,"ENSG00000262446"
"548",2629,2629.3,"ENSG00000177628"
"549",2629,2629.3,"ENSG00000262446"
"550",2629,2629.4,"ENSG00000177628"
"551",2629,2629.4,"ENSG00000262446"
"552",2629,2629.2,"ENSG00000177628"
"553",2629,2629.2,"ENSG00000262446"
"554",2629,2629.1,"ENSG00000177628"
"555",2629,2629.1,"ENSG00000262446"
"556",2632,2632.1,"ENSG00000114480"
"557",2638,2638.1,"ENSG00000145321"
"558",2639,2639.1,"ENSG00000105607"
"559",2639,2639.2,"ENSG00000105607"
"560",2643,2643.1,"ENSG00000131979"
"561",2645,2645.1,"ENSG00000106633"
"562",2645,2645.3,"ENSG00000106633"
"563",2645,2645.2,"ENSG00000106633"
"564",2650,2650.1,"ENSG00000187210"
"565",2651,2651.1,"ENSG00000285222"
"566",2651,2651.1,"ENSG00000111846"
"567",2653,2653.1,"ENSG00000140905"
"568",2673,2673.1,"ENSG00000198380"
"569",2678,2678.3,"ENSG00000100031"
"570",2678,2678.3,"ENSG00000286070"
"571",2678,2678.2,"ENSG00000100031"
"572",2678,2678.2,"ENSG00000286070"
"573",2678,2678.1,"ENSG00000100031"
"574",2678,2678.1,"ENSG00000286070"
"575",2683,2683.1,"ENSG00000086062"
"576",2686,2686.1,"ENSG00000131067"
"577",2687,2687.1,"ENSG00000099998"
"578",2694,2694.1,"ENSG00000134812"
"579",2710,2710.2,"ENSG00000198814"
"580",2710,2710.1,"ENSG00000198814"
"581",2712,2712.1,"ENSG00000196475"
"582",2717,2717.1,"ENSG00000102393"
"583",2720,2720.1,"ENSG00000170266"
"584",2729,2729.1,"ENSG00000001084"
"585",2730,2730.1,"ENSG00000023909"
"586",2731,2731.1,"ENSG00000178445"
"587",2739,2739.1,"ENSG00000124767"
"588",2744,2744.1,"ENSG00000115419"
"589",2745,2745.1,"ENSG00000173221"
"590",2746,2746.1,"ENSG00000148672"
"591",2747,2747.1,"ENSG00000288118"
"592",2747,2747.1,"ENSG00000182890"
"593",2752,2752.1,"ENSG00000135821"
"594",2762,2762.1,"ENSG00000112699"
"595",2766,2766.1,"ENSG00000137198"
"596",2799,2799.1,"ENSG00000135677"
"597",2805,2805.1,"ENSG00000120053"
"598",2806,2806.1,"ENSG00000125166"
"599",2819,2819.1,"ENSG00000167588"
"600",2820,2820.1,"ENSG00000115159"
"601",2821,2821.1,"ENSG00000105220"
"602",2821,2821.1,"ENSG00000282019"
"603",2875,2875.1,"ENSG00000167701"
"604",2876,2876.1,"ENSG00000233276"
"605",2876,2876.2,"ENSG00000233276"
"606",2877,2877.1,"ENSG00000176153"
"607",2878,2878.1,"ENSG00000211445"
"608",2879,2879.1,"ENSG00000167468"
"609",2880,2880.1,"ENSG00000224586"
"610",2880,2880.1,"ENSG00000257770"
"611",2882,2882.1,"ENSG00000116157"
"612",2936,2936.1,"ENSG00000104687"
"613",2937,2937.1,"ENSG00000100983"
"614",2944,2944.2,"ENSG00000134184"
"615",2944,2944.1,"ENSG00000134184"
"616",2954,2954.1,"ENSG00000100577"
"617",2954,2954.3,"ENSG00000100577"
"618",2954,2954.2,"ENSG00000100577"
"619",2977,2977.1,"ENSG00000152402"
"620",2978,2978.1,"ENSG00000048545"
"621",2978,2978.1,"ENSG00000287363"
"622",2982,2982.1,"ENSG00000164116"
"623",2983,2983.1,"ENSG00000061918"
"624",2984,2984.1,"ENSG00000070019"
"625",2986,2986.1,"ENSG00000101890"
"626",2987,2987.1,"ENSG00000143774"
"627",2990,2990.1,"ENSG00000169919"
"628",2992,2992.1,"ENSG00000163754"
"629",2997,2997.1,"ENSG00000104812"
"630",2998,2998.1,"ENSG00000111713"
"631",3000,3000.1,"ENSG00000132518"
"632",3028,3028.1,"ENSG00000072506"
"633",3029,3029.1,"ENSG00000063854"
"634",3030,3030.1,"ENSG00000084754"
"635",3032,3032.1,"ENSG00000138029"
"636",3033,3033.1,"ENSG00000138796"
"637",3034,3034.1,"ENSG00000084110"
"638",3036,3036.1,"ENSG00000105509"
"639",3037,3037.1,"ENSG00000170961"
"640",3038,3038.1,"ENSG00000103044"
"641",3038,3038.2,"ENSG00000103044"
"642",3067,3067.1,"ENSG00000140287"
"643",3073,3073.1,"ENSG00000213614"
"644",3074,3074.1,"ENSG00000049860"
"645",3081,3081.1,"ENSG00000113924"
"646",3098,3098.3,"ENSG00000156515"
"647",3098,3098.4,"ENSG00000156515"
"648",3098,3098.5,"ENSG00000156515"
"649",3098,3098.2,"ENSG00000156515"
"650",3098,3098.1,"ENSG00000156515"
"651",3099,3099.1,"ENSG00000159399"
"652",3101,3101.1,"ENSG00000160883"
"653",3141,3141.1,"ENSG00000159267"
"654",3145,3145.1,"ENSG00000256269"
"655",3155,3155.1,"ENSG00000117305"
"656",3156,3156.1,"ENSG00000113161"
"657",3157,3157.1,"ENSG00000112972"
"658",3157,3157.2,"ENSG00000112972"
"659",3158,3158.1,"ENSG00000134240"
"660",3162,3162.1,"ENSG00000100292"
"661",3163,3163.1,"ENSG00000103415"
"662",3163,3163.1,"ENSG00000277424"
"663",3176,3176.1,"ENSG00000150540"
"664",3177,3177.1,"ENSG00000174669"
"665",3242,3242.1,"ENSG00000158104"
"666",3251,3251.1,"ENSG00000165704"
"667",3283,3283.1,"ENSG00000203857"
"668",3284,3284.1,"ENSG00000203859"
"669",3290,3290.1,"ENSG00000117594"
"670",3290,3290.2,"ENSG00000117594"
"671",3291,3291.1,"ENSG00000176387"
"672",3292,3292.1,"ENSG00000108786"
"673",3293,3293.1,"ENSG00000130948"
"674",3294,3294.1,"ENSG00000086696"
"675",3295,3295.1,"ENSG00000133835"
"676",3340,3340.1,"ENSG00000070614"
"677",3417,3417.1,"ENSG00000138413"
"678",3418,3418.1,"ENSG00000182054"
"679",3419,3419.1,"ENSG00000166411"
"680",3420,3420.1,"ENSG00000101365"
"681",3420,3420.2,"ENSG00000101365"
"682",3420,3420.3,"ENSG00000101365"
"683",3421,3421.2,"ENSG00000067829"
"684",3421,3421.1,"ENSG00000067829"
"685",3422,3422.1,"ENSG00000067064"
"686",3423,3423.1,"ENSG00000010404"
"687",3423,3423.2,"ENSG00000010404"
"688",3425,3425.1,"ENSG00000127415"
"689",3612,3612.1,"ENSG00000133731"
"690",3613,3613.1,"ENSG00000141401"
"691",3614,3614.1,"ENSG00000106348"
"692",3614,3614.2,"ENSG00000106348"
"693",3615,3615.1,"ENSG00000178035"
"694",3620,3620.1,"ENSG00000131203"
"695",3628,3628.1,"ENSG00000151689"
"696",3631,3631.1,"ENSG00000040933"
"697",3631,3631.2,"ENSG00000040933"
"698",3632,3632.1,"ENSG00000068383"
"699",3633,3633.1,"ENSG00000204084"
"700",3635,3635.1,"ENSG00000281614"
"701",3635,3635.1,"ENSG00000168918"
"702",3636,3636.1,"ENSG00000165458"
"703",3658,3658.1,"ENSG00000136381"
"704",3704,3704.1,"ENSG00000125877"
"705",3704,3704.2,"ENSG00000125877"
"706",3706,3706.1,"ENSG00000137825"
"707",3707,3707.1,"ENSG00000143772"
"708",3712,3712.1,"ENSG00000128928"
"709",3764,3764.1,"ENSG00000121361"
"710",3767,3767.1,"ENSG00000187486"
"711",3795,3795.1,"ENSG00000138030"
"712",3795,3795.2,"ENSG00000138030"
"713",3906,3906.1,"ENSG00000167531"
"714",3931,3931.1,"ENSG00000213398"
"715",3938,3938.1,"ENSG00000115850"
"716",3939,3939.1,"ENSG00000288299"
"717",3939,3939.1,"ENSG00000134333"
"718",3945,3945.1,"ENSG00000111716"
"719",3948,3948.2,"ENSG00000166796"
"720",3948,3948.1,"ENSG00000166796"
"721",3988,3988.1,"ENSG00000107798"
"722",3990,3990.1,"ENSG00000166035"
"723",3992,3992.1,"ENSG00000149485"
"724",4017,4017.1,"ENSG00000134013"
"725",4023,4023.1,"ENSG00000175445"
"726",4025,4025.1,"ENSG00000167419"
"727",4035,4035.1,"ENSG00000123384"
"728",4036,4036.1,"ENSG00000081479"
"729",4047,4047.1,"ENSG00000281289"
"730",4047,4047.1,"ENSG00000160285"
"731",4048,4048.1,"ENSG00000111144"
"732",4051,4051.1,"ENSG00000186529"
"733",4056,4056.2,"ENSG00000283887"
"734",4056,4056.2,"ENSG00000213316"
"735",4056,4056.1,"ENSG00000283887"
"736",4056,4056.1,"ENSG00000213316"
"737",4121,4121.1,"ENSG00000111885"
"738",4122,4122.1,"ENSG00000196547"
"739",4123,4123.1,"ENSG00000140400"
"740",4124,4124.1,"ENSG00000112893"
"741",4125,4125.1,"ENSG00000104774"
"742",4126,4126.1,"ENSG00000109323"
"743",4128,4128.1,"ENSG00000189221"
"744",4129,4129.1,"ENSG00000069535"
"745",4143,4143.1,"ENSG00000151224"
"746",4144,4144.1,"ENSG00000168906"
"747",4166,4166.1,"ENSG00000183196"
"748",4190,4190.1,"ENSG00000014641"
"749",4191,4191.1,"ENSG00000146701"
"750",4199,4199.1,"ENSG00000065833"
"751",4200,4200.1,"ENSG00000082212"
"752",4245,4245.1,"ENSG00000131446"
"753",4247,4247.1,"ENSG00000168282"
"754",4248,4248.1,"ENSG00000128268"
"755",4249,4249.1,"ENSG00000152127"
"756",4257,4257.1,"ENSG00000008394"
"757",4258,4258.1,"ENSG00000085871"
"758",4259,4259.1,"ENSG00000143198"
"759",4284,4284.1,"ENSG00000135517"
"760",4329,4329.1,"ENSG00000119711"
"761",4351,4351.1,"ENSG00000178802"
"762",4353,4353.1,"ENSG00000005381"
"763",4357,4357.1,"ENSG00000128309"
"764",4363,4363.1,"ENSG00000103222"
"765",4363,4363.1,"ENSG00000278183"
"766",4507,4507.1,"ENSG00000099810"
"767",4512,4512.1,"ENSG00000198804"
"768",4513,4513.1,"ENSG00000198712"
"769",4514,4514.1,"ENSG00000198938"
"770",4519,4519.1,"ENSG00000198727"
"771",4522,4522.1,"ENSG00000100714"
"772",4524,4524.1,"ENSG00000177000"
"773",4535,4535.1,"ENSG00000198888"
"774",4536,4536.1,"ENSG00000198763"
"775",4537,4537.1,"ENSG00000198840"
"776",4538,4538.1,"ENSG00000198886"
"777",4539,4539.1,"ENSG00000212907"
"778",4540,4540.1,"ENSG00000198786"
"779",4541,4541.1,"ENSG00000198695"
"780",4548,4548.1,"ENSG00000116984"
"781",4594,4594.1,"ENSG00000146085"
"782",4597,4597.1,"ENSG00000167508"
"783",4598,4598.1,"ENSG00000110921"
"784",4668,4668.1,"ENSG00000198951"
"785",4669,4669.1,"ENSG00000108784"
"786",4694,4694.1,"ENSG00000125356"
"787",4695,4695.1,"ENSG00000131495"
"788",4696,4696.1,"ENSG00000277722"
"789",4696,4696.1,"ENSG00000276766"
"790",4696,4696.1,"ENSG00000275605"
"791",4696,4696.1,"ENSG00000276220"
"792",4696,4696.1,"ENSG00000276061"
"793",4696,4696.1,"ENSG00000273642"
"794",4696,4696.1,"ENSG00000170906"
"795",4696,4696.1,"ENSG00000278365"
"796",4696,4696.1,"ENSG00000275724"
"797",4696,4696.1,"ENSG00000274359"
"798",4697,4697.1,"ENSG00000189043"
"799",4698,4698.1,"ENSG00000128609"
"800",4700,4700.1,"ENSG00000277365"
"801",4700,4700.1,"ENSG00000273397"
"802",4700,4700.1,"ENSG00000272765"
"803",4700,4700.1,"ENSG00000184983"
"804",4700,4700.1,"ENSG00000281013"
"805",4701,4701.1,"ENSG00000267855"
"806",4702,4702.1,"ENSG00000119421"
"807",4704,4704.1,"ENSG00000139180"
"808",4705,4705.1,"ENSG00000130414"
"809",4706,4706.1,"ENSG00000004779"
"810",4707,4707.1,"ENSG00000183648"
"811",4708,4708.1,"ENSG00000090266"
"812",4709,4709.1,"ENSG00000119013"
"813",4710,4710.1,"ENSG00000065518"
"814",4711,4711.1,"ENSG00000136521"
"815",4712,4712.2,"ENSG00000165264"
"816",4712,4712.1,"ENSG00000165264"
"817",4713,4713.1,"ENSG00000099795"
"818",4714,4714.1,"ENSG00000166136"
"819",4715,4715.1,"ENSG00000147684"
"820",4716,4716.1,"ENSG00000140990"
"821",4717,4717.1,"ENSG00000109390"
"822",4718,4718.1,"ENSG00000151366"
"823",4719,4719.1,"ENSG00000023228"
"824",4719,4719.1,"ENSG00000283447"
"825",4720,4720.1,"ENSG00000158864"
"826",4722,4722.1,"ENSG00000285387"
"827",4722,4722.1,"ENSG00000213619"
"828",4723,4723.1,"ENSG00000167792"
"829",4724,4724.1,"ENSG00000164258"
"830",4725,4725.1,"ENSG00000168653"
"831",4726,4726.1,"ENSG00000145494"
"832",4728,4728.1,"ENSG00000110717"
"833",4729,4729.1,"ENSG00000178127"
"834",4731,4731.1,"ENSG00000160194"
"835",4731,4731.2,"ENSG00000160194"
"836",4758,4758.1,"ENSG00000228691"
"837",4758,4758.1,"ENSG00000227315"
"838",4758,4758.1,"ENSG00000204386"
"839",4758,4758.1,"ENSG00000223957"
"840",4758,4758.1,"ENSG00000234846"
"841",4758,4758.1,"ENSG00000234343"
"842",4758,4758.1,"ENSG00000227129"
"843",4758,4758.1,"ENSG00000184494"
"844",4759,4759.1,"ENSG00000115488"
"845",4830,4830.2,"ENSG00000239672"
"846",4830,4830.1,"ENSG00000239672"
"847",4831,4831.1,"ENSG00000243678"
"848",4832,4832.1,"ENSG00000103024"
"849",4833,4833.1,"ENSG00000103202"
"850",4837,4837.1,"ENSG00000166741"
"851",4842,4842.1,"ENSG00000089250"
"852",4843,4843.2,"ENSG00000007171"
"853",4843,4843.1,"ENSG00000007171"
"854",4846,4846.1,"ENSG00000164867"
"855",4860,4860.1,"ENSG00000198805"
"856",4881,4881.1,"ENSG00000169418"
"857",4882,4882.1,"ENSG00000159899"
"858",4882,4882.2,"ENSG00000159899"
"859",4891,4891.1,"ENSG00000110911"
"860",4905,4905.1,"ENSG00000276262"
"861",4905,4905.1,"ENSG00000073969"
"862",4905,4905.1,"ENSG00000278174"
"863",4907,4907.1,"ENSG00000135318"
"864",4942,4942.1,"ENSG00000065154"
"865",4952,4952.2,"ENSG00000122126"
"866",4952,4952.1,"ENSG00000122126"
"867",4953,4953.1,"ENSG00000115758"
"868",4967,4967.1,"ENSG00000105953"
"869",4967,4967.2,"ENSG00000105953"
"870",5009,5009.1,"ENSG00000036473"
"871",5019,5019.1,"ENSG00000083720"
"872",5033,5033.1,"ENSG00000122884"
"873",5034,5034.1,"ENSG00000185624"
"874",5048,5048.1,"ENSG00000007168"
"875",5049,5049.1,"ENSG00000168092"
"876",5050,5050.1,"ENSG00000079462"
"877",5051,5051.1,"ENSG00000158006"
"878",5052,5052.1,"ENSG00000117450"
"879",5052,5052.2,"ENSG00000117450"
"880",5052,5052.3,"ENSG00000117450"
"881",5053,5053.1,"ENSG00000171759"
"882",5091,5091.1,"ENSG00000173599"
"883",5091,5091.2,"ENSG00000173599"
"884",5092,5092.1,"ENSG00000166228"
"885",5092,5092.2,"ENSG00000166228"
"886",5095,5095.1,"ENSG00000175198"
"887",5096,5096.1,"ENSG00000114054"
"888",5105,5105.1,"ENSG00000124253"
"889",5106,5106.1,"ENSG00000285241"
"890",5106,5106.1,"ENSG00000100889"
"891",5130,5130.1,"ENSG00000161217"
"892",5136,5136.2,"ENSG00000115252"
"893",5136,5136.1,"ENSG00000115252"
"894",5137,5137.1,"ENSG00000154678"
"895",5138,5138.1,"ENSG00000186642"
"896",5139,5139.1,"ENSG00000172572"
"897",5140,5140.2,"ENSG00000152270"
"898",5140,5140.1,"ENSG00000152270"
"899",5141,5141.1,"ENSG00000065989"
"900",5142,5142.1,"ENSG00000184588"
"901",5143,5143.1,"ENSG00000105650"
"902",5144,5144.1,"ENSG00000113448"
"903",5145,5145.1,"ENSG00000132915"
"904",5146,5146.1,"ENSG00000095464"
"905",5147,5147.1,"ENSG00000156973"
"906",5148,5148.1,"ENSG00000185527"
"907",5149,5149.1,"ENSG00000139053"
"908",5150,5150.1,"ENSG00000205268"
"909",5150,5150.2,"ENSG00000205268"
"910",5151,5151.1,"ENSG00000073417"
"911",5151,5151.3,"ENSG00000073417"
"912",5151,5151.5,"ENSG00000073417"
"913",5151,5151.2,"ENSG00000073417"
"914",5151,5151.4,"ENSG00000073417"
"915",5152,5152.17,"ENSG00000160191"
"916",5152,5152.6,"ENSG00000160191"
"917",5152,5152.2,"ENSG00000160191"
"918",5152,5152.13,"ENSG00000160191"
"919",5152,5152.12,"ENSG00000160191"
"920",5152,5152.3,"ENSG00000160191"
"921",5152,5152.2,"ENSG00000160191"
"922",5152,5152.19,"ENSG00000160191"
"923",5152,5152.11,"ENSG00000160191"
"924",5152,5152.5,"ENSG00000160191"
"925",5152,5152.14,"ENSG00000160191"
"926",5152,5152.18,"ENSG00000160191"
"927",5152,5152.16,"ENSG00000160191"
"928",5152,5152.15,"ENSG00000160191"
"929",5152,5152.4,"ENSG00000160191"
"930",5152,5152.1,"ENSG00000160191"
"931",5152,5152.7,"ENSG00000160191"
"932",5152,5152.1,"ENSG00000160191"
"933",5153,5153.1,"ENSG00000123360"
"934",5158,5158.1,"ENSG00000133256"
"935",5160,5160.1,"ENSG00000131828"
"936",5161,5161.1,"ENSG00000163114"
"937",5162,5162.1,"ENSG00000168291"
"938",5167,5167.1,"ENSG00000197594"
"939",5168,5168.1,"ENSG00000136960"
"940",5169,5169.1,"ENSG00000154269"
"941",5172,5172.1,"ENSG00000091137"
"942",5184,5184.1,"ENSG00000124299"
"943",5198,5198.1,"ENSG00000178921"
"944",5207,5207.1,"ENSG00000158571"
"945",5208,5208.1,"ENSG00000123836"
"946",5209,5209.1,"ENSG00000170525"
"947",5210,5210.1,"ENSG00000114268"
"948",5211,5211.1,"ENSG00000141959"
"949",5211,5211.2,"ENSG00000141959"
"950",5213,5213.1,"ENSG00000152556"
"951",5214,5214.1,"ENSG00000067057"
"952",5223,5223.1,"ENSG00000171314"
"953",5224,5224.1,"ENSG00000164708"
"954",5224,5224.2,"ENSG00000164708"
"955",5226,5226.1,"ENSG00000142657"
"956",5230,5230.1,"ENSG00000102144"
"957",5232,5232.1,"ENSG00000170950"
"958",5236,5236.1,"ENSG00000079739"
"959",5238,5238.1,"ENSG00000013375"
"960",5244,5244.2,"ENSG00000005471"
"961",5244,5244.1,"ENSG00000005471"
"962",5244,5244.3,"ENSG00000005471"
"963",5250,5250.1,"ENSG00000075415"
"964",5250,5250.2,"ENSG00000075415"
"965",5250,5250.4,"ENSG00000075415"
"966",5250,5250.3,"ENSG00000075415"
"967",5251,5251.1,"ENSG00000102174"
"968",5264,5264.1,"ENSG00000107537"
"969",5265,5265.1,"ENSG00000277377"
"970",5265,5265.1,"ENSG00000197249"
"971",5277,5277.1,"ENSG00000165195"
"972",5277,5277.2,"ENSG00000165195"
"973",5277,5277.3,"ENSG00000165195"
"974",5279,5279.2,"ENSG00000135845"
"975",5279,5279.1,"ENSG00000135845"
"976",5281,5281.1,"ENSG00000151665"
"977",5281,5281.2,"ENSG00000151665"
"978",5283,5283.1,"ENSG00000100564"
"979",5286,5286.1,"ENSG00000011405"
"980",5287,5287.1,"ENSG00000133056"
"981",5288,5288.1,"ENSG00000139144"
"982",5289,5289.1,"ENSG00000078142"
"983",5290,5290.1,"ENSG00000121879"
"984",5291,5291.1,"ENSG00000051382"
"985",5293,5293.1,"ENSG00000171608"
"986",5294,5294.1,"ENSG00000105851"
"987",5295,5295.2,"ENSG00000145675"
"988",5295,5295.1,"ENSG00000145675"
"989",5295,5295.3,"ENSG00000145675"
"990",5296,5296.1,"ENSG00000105647"
"991",5297,5297.1,"ENSG00000241973"
"992",5298,5298.1,"ENSG00000143393"
"993",5305,5305.1,"ENSG00000150867"
"994",5313,5313.2,"ENSG00000143627"
"995",5313,5313.2,"ENSG00000262785"
"996",5313,5313.1,"ENSG00000143627"
"997",5313,5313.1,"ENSG00000262785"
"998",5315,5315.3,"ENSG00000067225"
"999",5315,5315.2,"ENSG00000067225"
"1000",5315,5315.1,"ENSG00000067225"
"1001",5319,5319.1,"ENSG00000170890"
"1002",5320,5320.1,"ENSG00000188257"
"1003",5321,5321.1,"ENSG00000116711"
"1004",5322,5322.1,"ENSG00000127472"
"1005",5330,5330.1,"ENSG00000137841"
"1006",5331,5331.1,"ENSG00000149782"
"1007",5332,5332.1,"ENSG00000101333"
"1008",5332,5332.2,"ENSG00000101333"
"1009",5333,5333.1,"ENSG00000187091"
"1010",5334,5334.1,"ENSG00000115896"
"1011",5335,5335.1,"ENSG00000124181"
"1012",5335,5335.2,"ENSG00000124181"
"1013",5336,5336.1,"ENSG00000197943"
"1014",5337,5337.1,"ENSG00000075651"
"1015",5338,5338.1,"ENSG00000129219"
"1016",5340,5340.1,"ENSG00000122194"
"1017",5351,5351.1,"ENSG00000083444"
"1018",5352,5352.2,"ENSG00000152952"
"1019",5352,5352.1,"ENSG00000152952"
"1020",5372,5372.1,"ENSG00000100417"
"1021",5373,5373.1,"ENSG00000140650"
"1022",5406,5406.1,"ENSG00000175535"
"1023",5407,5407.1,"ENSG00000187021"
"1024",5408,5408.1,"ENSG00000266200"
"1025",5409,5409.1,"ENSG00000141744"
"1026",5464,5464.1,"ENSG00000180817"
"1027",5471,5471.1,"ENSG00000128059"
"1028",5476,5476.1,"ENSG00000064601"
"1029",5498,5498.1,"ENSG00000143224"
"1030",5538,5538.1,"ENSG00000131238"
"1031",5625,5625.1,"ENSG00000100033"
"1032",5631,5631.1,"ENSG00000147224"
"1033",5634,5634.1,"ENSG00000101911"
"1034",5723,5723.1,"ENSG00000146733"
"1035",5728,5728.1,"ENSG00000284792"
"1036",5728,5728.1,"ENSG00000171862"
"1037",5730,5730.1,"ENSG00000107317"
"1038",5740,5740.1,"ENSG00000124212"
"1039",5742,5742.1,"ENSG00000095303"
"1040",5743,5743.1,"ENSG00000073756"
"1041",5805,5805.1,"ENSG00000150787"
"1042",5825,5825.1,"ENSG00000117528"
"1043",5831,5831.2,"ENSG00000183010"
"1044",5831,5831.1,"ENSG00000183010"
"1045",5832,5832.1,"ENSG00000059573"
"1046",5833,5833.1,"ENSG00000185813"
"1047",5834,5834.1,"ENSG00000100994"
"1048",5836,5836.1,"ENSG00000100504"
"1049",5837,5837.1,"ENSG00000068976"
"1050",5860,5860.1,"ENSG00000151552"
"1051",5947,5947.1,"ENSG00000114115"
"1052",5948,5948.1,"ENSG00000114113"
"1053",5950,5950.1,"ENSG00000138207"
"1054",5959,5959.1,"ENSG00000135437"
"1055",5973,5973.1,"ENSG00000102032"
"1056",6005,6005.1,"ENSG00000112077"
"1057",6120,6120.2,"ENSG00000197713"
"1058",6120,6120.1,"ENSG00000197713"
"1059",6184,6184.1,"ENSG00000163902"
"1060",6185,6185.1,"ENSG00000118705"
"1061",6240,6240.1,"ENSG00000167325"
"1062",6241,6241.1,"ENSG00000171848"
"1063",6303,6303.1,"ENSG00000130066"
"1064",6307,6307.1,"ENSG00000052802"
"1065",6309,6309.1,"ENSG00000109929"
"1066",6319,6319.1,"ENSG00000099194"
"1067",6342,6342.1,"ENSG00000116171"
"1068",6389,6389.1,"ENSG00000073578"
"1069",6390,6390.1,"ENSG00000117118"
"1070",6391,6391.1,"ENSG00000143252"
"1071",6392,6392.1,"ENSG00000204370"
"1072",6448,6448.1,"ENSG00000181523"
"1073",6470,6470.1,"ENSG00000284320"
"1074",6470,6470.1,"ENSG00000176974"
"1075",6470,6470.2,"ENSG00000284320"
"1076",6470,6470.2,"ENSG00000176974"
"1077",6472,6472.1,"ENSG00000182199"
"1078",6476,6476.1,"ENSG00000090402"
"1079",6480,6480.3,"ENSG00000073849"
"1080",6480,6480.1,"ENSG00000073849"
"1081",6480,6480.2,"ENSG00000073849"
"1082",6482,6482.1,"ENSG00000008513"
"1083",6482,6482.2,"ENSG00000008513"
"1084",6483,6483.1,"ENSG00000157350"
"1085",6484,6484.1,"ENSG00000110080"
"1086",6487,6487.6,"ENSG00000126091"
"1087",6487,6487.4,"ENSG00000126091"
"1088",6487,6487.11,"ENSG00000126091"
"1089",6487,6487.1,"ENSG00000126091"
"1090",6487,6487.7,"ENSG00000126091"
"1091",6487,6487.9,"ENSG00000126091"
"1092",6487,6487.5,"ENSG00000126091"
"1093",6487,6487.3,"ENSG00000126091"
"1094",6487,6487.8,"ENSG00000126091"
"1095",6487,6487.1,"ENSG00000126091"
"1096",6487,6487.2,"ENSG00000126091"
"1097",6489,6489.1,"ENSG00000111728"
"1098",6505,6505.1,"ENSG00000106688"
"1099",6506,6506.1,"ENSG00000110436"
"1100",6507,6507.1,"ENSG00000079215"
"1101",6508,6508.1,"ENSG00000114923"
"1102",6508,6508.2,"ENSG00000114923"
"1103",6509,6509.1,"ENSG00000115902"
"1104",6510,6510.1,"ENSG00000105281"
"1105",6511,6511.1,"ENSG00000105143"
"1106",6512,6512.1,"ENSG00000162383"
"1107",6513,6513.1,"ENSG00000117394"
"1108",6514,6514.1,"ENSG00000163581"
"1109",6515,6515.1,"ENSG00000059804"
"1110",6517,6517.1,"ENSG00000181856"
"1111",6517,6517.1,"ENSG00000288174"
"1112",6518,6518.1,"ENSG00000142583"
"1113",6519,6519.1,"ENSG00000138079"
"1114",6520,6520.1,"ENSG00000168003"
"1115",6521,6521.1,"ENSG00000004939"
"1116",6522,6522.1,"ENSG00000164889"
"1117",6523,6523.1,"ENSG00000100170"
"1118",6524,6524.1,"ENSG00000140675"
"1119",6526,6526.1,"ENSG00000198743"
"1120",6528,6528.1,"ENSG00000105641"
"1121",6529,6529.1,"ENSG00000157103"
"1122",6530,6530.1,"ENSG00000103546"
"1123",6531,6531.1,"ENSG00000142319"
"1124",6531,6531.1,"ENSG00000276996"
"1125",6532,6532.1,"ENSG00000108576"
"1126",6533,6533.1,"ENSG00000131389"
"1127",6534,6534.1,"ENSG00000011083"
"1128",6535,6535.1,"ENSG00000130821"
"1129",6536,6536.1,"ENSG00000196517"
"1130",6536,6536.2,"ENSG00000196517"
"1131",6538,6538.1,"ENSG00000132164"
"1132",6539,6539.1,"ENSG00000111181"
"1133",6540,6540.1,"ENSG00000010379"
"1134",6541,6541.1,"ENSG00000139514"
"1135",6542,6542.1,"ENSG00000003989"
"1136",6543,6543.1,"ENSG00000118160"
"1137",6546,6546.1,"ENSG00000183023"
"1138",6547,6547.1,"ENSG00000100678"
"1139",6547,6547.5,"ENSG00000100678"
"1140",6547,6547.3,"ENSG00000100678"
"1141",6547,6547.4,"ENSG00000100678"
"1142",6547,6547.6,"ENSG00000100678"
"1143",6547,6547.2,"ENSG00000100678"
"1144",6548,6548.1,"ENSG00000090020"
"1145",6549,6549.1,"ENSG00000115616"
"1146",6550,6550.1,"ENSG00000066230"
"1147",6550,6550.1,"ENSG00000281861"
"1148",6553,6553.1,"ENSG00000135740"
"1149",6554,6554.1,"ENSG00000100652"
"1150",6555,6555.1,"ENSG00000125255"
"1151",6556,6556.1,"ENSG00000018280"
"1152",6557,6557.1,"ENSG00000074803"
"1153",6558,6558.1,"ENSG00000064651"
"1154",6559,6559.1,"ENSG00000070915"
"1155",6560,6560.1,"ENSG00000124067"
"1156",6561,6561.1,"ENSG00000081800"
"1157",6563,6563.1,"ENSG00000141469"
"1158",6564,6564.1,"ENSG00000088386"
"1159",6565,6565.1,"ENSG00000163406"
"1160",6566,6566.1,"ENSG00000281917"
"1161",6566,6566.1,"ENSG00000155380"
"1162",6567,6567.1,"ENSG00000147100"
"1163",6568,6568.1,"ENSG00000124568"
"1164",6569,6569.1,"ENSG00000131183"
"1165",6570,6570.1,"ENSG00000036565"
"1166",6571,6571.1,"ENSG00000165646"
"1167",6572,6572.1,"ENSG00000187714"
"1168",6573,6573.2,"ENSG00000173638"
"1169",6573,6573.1,"ENSG00000173638"
"1170",6574,6574.1,"ENSG00000144136"
"1171",6575,6575.1,"ENSG00000168575"
"1172",6576,6576.1,"ENSG00000100075"
"1173",6578,6578.1,"ENSG00000174640"
"1174",6579,6579.1,"ENSG00000084453"
"1175",6580,6580.1,"ENSG00000175003"
"1176",6581,6581.1,"ENSG00000146477"
"1177",6582,6582.1,"ENSG00000112499"
"1178",6582,6582.2,"ENSG00000112499"
"1179",6583,6583.1,"ENSG00000197208"
"1180",6584,6584.1,"ENSG00000197375"
"1181",6609,6609.1,"ENSG00000166311"
"1182",6610,6610.1,"ENSG00000135587"
"1183",6611,6611.1,"ENSG00000102172"
"1184",6646,6646.1,"ENSG00000057252"
"1185",6647,6647.1,"ENSG00000142168"
"1186",6648,6648.1,"ENSG00000112096"
"1187",6648,6648.1,"ENSG00000285441"
"1188",6649,6649.1,"ENSG00000109610"
"1189",6652,6652.1,"ENSG00000140263"
"1190",6675,6675.1,"ENSG00000117143"
"1191",6697,6697.1,"ENSG00000116096"
"1192",6713,6713.1,"ENSG00000104549"
"1193",6715,6715.1,"ENSG00000145545"
"1194",6716,6716.1,"ENSG00000277893"
"1195",6718,6718.1,"ENSG00000122787"
"1196",6723,6723.1,"ENSG00000116649"
"1197",6783,6783.1,"ENSG00000109193"
"1198",6785,6785.1,"ENSG00000118402"
"1199",6799,6799.1,"ENSG00000197165"
"1200",6799,6799.2,"ENSG00000197165"
"1201",6817,6817.5,"ENSG00000196502"
"1202",6817,6817.2,"ENSG00000196502"
"1203",6817,6817.4,"ENSG00000196502"
"1204",6817,6817.3,"ENSG00000196502"
"1205",6817,6817.1,"ENSG00000196502"
"1206",6818,6818.2,"ENSG00000261052"
"1207",6818,6818.3,"ENSG00000261052"
"1208",6818,6818.1,"ENSG00000261052"
"1209",6820,6820.2,"ENSG00000088002"
"1210",6820,6820.1,"ENSG00000088002"
"1211",6821,6821.1,"ENSG00000139531"
"1212",6822,6822.1,"ENSG00000105398"
"1213",6833,6833.1,"ENSG00000006071"
"1214",6839,6839.1,"ENSG00000101945"
"1215",6888,6888.1,"ENSG00000177156"
"1216",6898,6898.1,"ENSG00000198650"
"1217",6916,6916.1,"ENSG00000059377"
"1218",6999,6999.1,"ENSG00000151790"
"1219",6999,6999.1,"ENSG00000262635"
"1220",7001,7001.2,"ENSG00000167815"
"1221",7001,7001.3,"ENSG00000167815"
"1222",7001,7001.1,"ENSG00000167815"
"1223",7037,7037.1,"ENSG00000072274"
"1224",7054,7054.3,"ENSG00000180176"
"1225",7054,7054.1,"ENSG00000180176"
"1226",7054,7054.2,"ENSG00000180176"
"1227",7083,7083.1,"ENSG00000167900"
"1228",7084,7084.1,"ENSG00000166548"
"1229",7086,7086.1,"ENSG00000163931"
"1230",7108,7108.1,"ENSG00000149809"
"1231",7166,7166.1,"ENSG00000129167"
"1232",7167,7167.1,"ENSG00000111669"
"1233",7173,7173.3,"ENSG00000277603"
"1234",7173,7173.3,"ENSG00000115705"
"1235",7173,7173.5,"ENSG00000277603"
"1236",7173,7173.5,"ENSG00000115705"
"1237",7173,7173.1,"ENSG00000277603"
"1238",7173,7173.1,"ENSG00000115705"
"1239",7173,7173.4,"ENSG00000277603"
"1240",7173,7173.4,"ENSG00000115705"
"1241",7173,7173.2,"ENSG00000277603"
"1242",7173,7173.2,"ENSG00000115705"
"1243",7177,7177.1,"ENSG00000172236"
"1244",7263,7263.1,"ENSG00000128311"
"1245",7264,7264.1,"ENSG00000278243"
"1246",7264,7264.1,"ENSG00000104522"
"1247",7295,7295.1,"ENSG00000136810"
"1248",7296,7296.2,"ENSG00000198431"
"1249",7296,7296.3,"ENSG00000198431"
"1250",7296,7296.4,"ENSG00000198431"
"1251",7296,7296.1,"ENSG00000198431"
"1252",7298,7298.1,"ENSG00000176890"
"1253",7299,7299.1,"ENSG00000077498"
"1254",7306,7306.1,"ENSG00000107165"
"1255",7350,7350.1,"ENSG00000109424"
"1256",7351,7351.1,"ENSG00000175567"
"1257",7352,7352.2,"ENSG00000175564"
"1258",7352,7352.1,"ENSG00000175564"
"1259",7355,7355.1,"ENSG00000102100"
"1260",7357,7357.1,"ENSG00000148154"
"1261",7358,7358.1,"ENSG00000109814"
"1262",7360,7360.2,"ENSG00000169764"
"1263",7360,7360.1,"ENSG00000169764"
"1264",7363,7363.1,"ENSG00000156096"
"1265",7364,7364.1,"ENSG00000171234"
"1266",7365,7365.1,"ENSG00000109181"
"1267",7365,7365.1,"ENSG00000275190"
"1268",7366,7366.1,"ENSG00000196620"
"1269",7366,7366.1,"ENSG00000277132"
"1270",7367,7367.1,"ENSG00000197888"
"1271",7368,7368.1,"ENSG00000174607"
"1272",7371,7371.1,"ENSG00000143179"
"1273",7372,7372.1,"ENSG00000114491"
"1274",7378,7378.1,"ENSG00000183696"
"1275",7378,7378.2,"ENSG00000183696"
"1276",7381,7381.1,"ENSG00000156467"
"1277",7384,7384.1,"ENSG00000010256"
"1278",7385,7385.1,"ENSG00000140740"
"1279",7386,7386.1,"ENSG00000169021"
"1280",7388,7388.1,"ENSG00000173660"
"1281",7389,7389.1,"ENSG00000126088"
"1282",7390,7390.1,"ENSG00000188690"
"1283",7498,7498.1,"ENSG00000158125"
"1284",7779,7779.1,"ENSG00000170385"
"1285",7841,7841.1,"ENSG00000115275"
"1286",7915,7915.1,"ENSG00000112294"
"1287",7915,7915.2,"ENSG00000112294"
"1288",7923,7923.1,"ENSG00000228712"
"1289",7923,7923.1,"ENSG00000204228"
"1290",7923,7923.1,"ENSG00000112474"
"1291",7923,7923.1,"ENSG00000232357"
"1292",7923,7923.1,"ENSG00000228357"
"1293",7923,7923.1,"ENSG00000225312"
"1294",7941,7941.1,"ENSG00000146070"
"1295",7991,7991.1,"ENSG00000104723"
"1296",7991,7991.2,"ENSG00000104723"
"1297",8029,8029.1,"ENSG00000107611"
"1298",8034,8034.1,"ENSG00000122912"
"1299",8050,8050.1,"ENSG00000110435"
"1300",8140,8140.1,"ENSG00000103257"
"1301",8170,8170.1,"ENSG00000132874"
"1302",8228,8228.1,"ENSG00000006757"
"1303",8260,8260.1,"ENSG00000102030"
"1304",8277,8277.1,"ENSG00000007350"
"1305",8288,8288.1,"ENSG00000121053"
"1306",8309,8309.1,"ENSG00000168306"
"1307",8310,8310.1,"ENSG00000087008"
"1308",8372,8372.1,"ENSG00000186792"
"1309",8394,8394.1,"ENSG00000143398"
"1310",8395,8395.1,"ENSG00000107242"
"1311",8396,8396.2,"ENSG00000276293"
"1312",8396,8396.2,"ENSG00000277292"
"1313",8396,8396.1,"ENSG00000276293"
"1314",8396,8396.1,"ENSG00000277292"
"1315",8398,8398.2,"ENSG00000184381"
"1316",8398,8398.1,"ENSG00000184381"
"1317",8399,8399.1,"ENSG00000069764"
"1318",8399,8399.1,"ENSG00000276870"
"1319",8402,8402.1,"ENSG00000108528"
"1320",8424,8424.1,"ENSG00000129151"
"1321",8435,8435.1,"ENSG00000167780"
"1322",8443,8443.1,"ENSG00000116906"
"1323",8479,8479.1,"ENSG00000149929"
"1324",8501,8501.1,"ENSG00000149150"
"1325",8503,8503.1,"ENSG00000117461"
"1326",8509,8509.1,"ENSG00000166507"
"1327",8513,8513.1,"ENSG00000182333"
"1328",8525,8525.2,"ENSG00000149091"
"1329",8525,8525.1,"ENSG00000149091"
"1330",8525,8525.3,"ENSG00000149091"
"1331",8526,8526.1,"ENSG00000153933"
"1332",8527,8527.2,"ENSG00000280873"
"1333",8527,8527.2,"ENSG00000077044"
"1334",8527,8527.1,"ENSG00000280873"
"1335",8527,8527.1,"ENSG00000077044"
"1336",8528,8528.1,"ENSG00000203797"
"1337",8528,8528.2,"ENSG00000203797"
"1338",8529,8529.1,"ENSG00000186115"
"1339",8534,8534.1,"ENSG00000175264"
"1340",8540,8540.1,"ENSG00000018510"
"1341",8560,8560.2,"ENSG00000143753"
"1342",8560,8560.1,"ENSG00000143753"
"1343",8564,8564.1,"ENSG00000117009"
"1344",8566,8566.1,"ENSG00000160209"
"1345",8574,8574.1,"ENSG00000053371"
"1346",8604,8604.1,"ENSG00000115840"
"1347",8608,8608.1,"ENSG00000139547"
"1348",8611,8611.2,"ENSG00000067113"
"1349",8611,8611.1,"ENSG00000067113"
"1350",8612,8612.1,"ENSG00000141934"
"1351",8613,8613.1,"ENSG00000162407"
"1352",8622,8622.1,"ENSG00000284762"
"1353",8622,8622.1,"ENSG00000113231"
"1354",8639,8639.1,"ENSG00000131471"
"1355",8647,8647.1,"ENSG00000276582"
"1356",8647,8647.1,"ENSG00000073734"
"1357",8654,8654.2,"ENSG00000138735"
"1358",8654,8654.3,"ENSG00000138735"
"1359",8654,8654.1,"ENSG00000138735"
"1360",8659,8659.1,"ENSG00000159423"
"1361",8659,8659.2,"ENSG00000159423"
"1362",8671,8671.1,"ENSG00000080493"
"1363",8693,8693.1,"ENSG00000257594"
"1364",8694,8694.1,"ENSG00000185000"
"1365",8694,8694.1,"ENSG00000285482"
"1366",8703,8703.1,"ENSG00000158850"
"1367",8704,8704.2,"ENSG00000117411"
"1368",8704,8704.1,"ENSG00000117411"
"1369",8705,8705.1,"ENSG00000236802"
"1370",8705,8705.1,"ENSG00000235863"
"1371",8705,8705.1,"ENSG00000226936"
"1372",8705,8705.1,"ENSG00000206285"
"1373",8705,8705.1,"ENSG00000235155"
"1374",8706,8706.1,"ENSG00000169255"
"1375",8706,8706.3,"ENSG00000169255"
"1376",8706,8706.2,"ENSG00000169255"
"1377",8706,8706.4,"ENSG00000169255"
"1378",8714,8714.1,"ENSG00000108846"
"1379",8714,8714.2,"ENSG00000108846"
"1380",8714,8714.3,"ENSG00000108846"
"1381",8733,8733.1,"ENSG00000197858"
"1382",8760,8760.1,"ENSG00000101290"
"1383",8776,8776.1,"ENSG00000063601"
"1384",8789,8789.1,"ENSG00000130957"
"1385",8790,8790.1,"ENSG00000254685"
"1386",8801,8801.1,"ENSG00000172340"
"1387",8802,8802.1,"ENSG00000163541"
"1388",8803,8803.1,"ENSG00000136143"
"1389",8813,8813.1,"ENSG00000000419"
"1390",8818,8818.1,"ENSG00000136908"
"1391",8818,8818.2,"ENSG00000136908"
"1392",8821,8821.1,"ENSG00000109452"
"1393",8824,8824.1,"ENSG00000172831"
"1394",8833,8833.1,"ENSG00000163655"
"1395",8836,8836.1,"ENSG00000137563"
"1396",8854,8854.2,"ENSG00000128918"
"1397",8854,8854.3,"ENSG00000128918"
"1398",8854,8854.1,"ENSG00000128918"
"1399",8867,8867.1,"ENSG00000159082"
"1400",8867,8867.2,"ENSG00000159082"
"1401",8869,8869.1,"ENSG00000115525"
"1402",8871,8871.1,"ENSG00000078269"
"1403",8875,8875.2,"ENSG00000112303"
"1404",8875,8875.1,"ENSG00000112303"
"1405",8876,8876.1,"ENSG00000112299"
"1406",8877,8877.1,"ENSG00000176170"
"1407",8879,8879.1,"ENSG00000166224"
"1408",8884,8884.1,"ENSG00000138074"
"1409",8897,8897.1,"ENSG00000100330"
"1410",8897,8897.3,"ENSG00000100330"
"1411",8897,8897.2,"ENSG00000100330"
"1412",8898,8898.1,"ENSG00000087053"
"1413",8908,8908.1,"ENSG00000056998"
"1414",8942,8942.1,"ENSG00000115919"
"1415",8972,8972.1,"ENSG00000282607"
"1416",8972,8972.1,"ENSG00000257335"
"1417",8974,8974.1,"ENSG00000072682"
"1418",8985,8985.1,"ENSG00000106397"
"1419",8992,8992.1,"ENSG00000113732"
"1420",9016,9016.1,"ENSG00000102078"
"1421",9016,9016.2,"ENSG00000102078"
"1422",9023,9023.1,"ENSG00000138135"
"1423",9045,9045.1,"ENSG00000188846"
"1424",9056,9056.1,"ENSG00000155465"
"1425",9057,9057.1,"ENSG00000103064"
"1426",9058,9058.1,"ENSG00000007216"
"1427",9060,9060.1,"ENSG00000198682"
"1428",9061,9061.1,"ENSG00000138801"
"1429",9091,9091.1,"ENSG00000007541"
"1430",9091,9091.2,"ENSG00000007541"
"1431",9114,9114.1,"ENSG00000159720"
"1432",9123,9123.1,"ENSG00000141526"
"1433",9152,9152.1,"ENSG00000165970"
"1434",9153,9153.1,"ENSG00000137860"
"1435",9154,9154.2,"ENSG00000156222"
"1436",9154,9154.1,"ENSG00000156222"
"1437",9162,9162.1,"ENSG00000157680"
"1438",9167,9167.1,"ENSG00000115944"
"1439",9187,9187.1,"ENSG00000074621"
"1440",9194,9194.1,"ENSG00000118596"
"1441",9197,9197.1,"ENSG00000169359"
"1442",9227,9227.1,"ENSG00000121207"
"1443",9245,9245.1,"ENSG00000140297"
"1444",9296,9296.1,"ENSG00000128524"
"1445",9331,9331.1,"ENSG00000118276"
"1446",9334,9334.1,"ENSG00000158470"
"1447",9348,9348.1,"ENSG00000164100"
"1448",9365,9365.1,"ENSG00000133116"
"1449",9374,9374.1,"ENSG00000221988"
"1450",9374,9374.1,"ENSG00000206329"
"1451",9374,9374.1,"ENSG00000228116"
"1452",9374,9374.1,"ENSG00000236649"
"1453",9374,9374.1,"ENSG00000206256"
"1454",9374,9374.1,"ENSG00000168452"
"1455",9374,9374.1,"ENSG00000227600"
"1456",9374,9374.1,"ENSG00000231618"
"1457",9377,9377.1,"ENSG00000178741"
"1458",9380,9380.1,"ENSG00000137106"
"1459",9388,9388.1,"ENSG00000101670"
"1460",9390,9390.1,"ENSG00000172940"
"1461",9394,9394.1,"ENSG00000136720"
"1462",9415,9415.1,"ENSG00000134824"
"1463",9420,9420.1,"ENSG00000172817"
"1464",9435,9435.1,"ENSG00000175040"
"1465",9453,9453.1,"ENSG00000152904"
"1466",9468,9468.1,"ENSG00000102230"
"1467",9469,9469.1,"ENSG00000122863"
"1468",9481,9481.1,"ENSG00000153291"
"1469",9487,9487.1,"ENSG00000108474"
"1470",9488,9488.1,"ENSG00000069943"
"1471",9489,9489.1,"ENSG00000087157"
"1472",9497,9497.1,"ENSG00000033867"
"1473",9498,9498.1,"ENSG00000050438"
"1474",9514,9514.1,"ENSG00000128242"
"1475",9517,9517.1,"ENSG00000100596"
"1476",9536,9536.2,"ENSG00000148344"
"1477",9536,9536.1,"ENSG00000148344"
"1478",9550,9550.1,"ENSG00000136888"
"1479",9551,9551.3,"ENSG00000241468"
"1480",9551,9551.2,"ENSG00000241468"
"1481",9551,9551.1,"ENSG00000241468"
"1482",9563,9563.1,"ENSG00000049239"
"1483",9583,9583.1,"ENSG00000197217"
"1484",9588,9588.1,"ENSG00000117592"
"1485",9615,9615.1,"ENSG00000119125"
"1486",9651,9651.1,"ENSG00000276429"
"1487",9651,9651.1,"ENSG00000149527"
"1488",9653,9653.1,"ENSG00000153936"
"1489",9789,9789.1,"ENSG00000118363"
"1490",9791,9791.1,"ENSG00000156471"
"1491",9807,9807.2,"ENSG00000176095"
"1492",9807,9807.1,"ENSG00000176095"
"1493",9843,9843.1,"ENSG00000089472"
"1494",9869,9869.1,"ENSG00000143379"
"1495",9942,9942.1,"ENSG00000093217"
"1496",9945,9945.1,"ENSG00000131459"
"1497",9951,9951.1,"ENSG00000182601"
"1498",9953,9953.1,"ENSG00000125430"
"1499",9955,9955.1,"ENSG00000153976"
"1500",9956,9956.1,"ENSG00000122254"
"1501",9957,9957.1,"ENSG00000002587"
"1502",9962,9962.1,"ENSG00000089057"
"1503",9962,9962.2,"ENSG00000089057"
"1504",9963,9963.2,"ENSG00000170482"
"1505",9963,9963.1,"ENSG00000170482"
"1506",9990,9990.1,"ENSG00000140199"
"1507",10005,10005.3,"ENSG00000101473"
"1508",10005,10005.2,"ENSG00000101473"
"1509",10005,10005.1,"ENSG00000101473"
"1510",10007,10007.1,"ENSG00000113552"
"1511",10020,10020.1,"ENSG00000159921"
"1512",10026,10026.1,"ENSG00000142892"
"1513",10050,10050.1,"ENSG00000146039"
"1514",10057,10057.1,"ENSG00000114770"
"1515",10057,10057.2,"ENSG00000114770"
"1516",10060,10060.1,"ENSG00000069431"
"1517",10087,10087.1,"ENSG00000113163"
"1518",10090,10090.1,"ENSG00000111962"
"1519",10135,10135.1,"ENSG00000105835"
"1520",10157,10157.1,"ENSG00000008311"
"1521",10164,10164.1,"ENSG00000140835"
"1522",10165,10165.1,"ENSG00000004864"
"1523",10166,10166.1,"ENSG00000102743"
"1524",10195,10195.3,"ENSG00000214160"
"1525",10195,10195.4,"ENSG00000214160"
"1526",10195,10195.2,"ENSG00000214160"
"1527",10195,10195.1,"ENSG00000214160"
"1528",10201,10201.1,"ENSG00000172113"
"1529",10229,10229.1,"ENSG00000167186"
"1530",10246,10246.1,"ENSG00000112337"
"1531",10249,10249.1,"ENSG00000149124"
"1532",10257,10257.1,"ENSG00000125257"
"1533",10312,10312.2,"ENSG00000110719"
"1534",10312,10312.1,"ENSG00000110719"
"1535",10317,10317.1,"ENSG00000183778"
"1536",10317,10317.3,"ENSG00000183778"
"1537",10317,10317.5,"ENSG00000183778"
"1538",10317,10317.4,"ENSG00000183778"
"1539",10317,10317.2,"ENSG00000183778"
"1540",10327,10327.2,"ENSG00000117448"
"1541",10327,10327.1,"ENSG00000117448"
"1542",10331,10331.1,"ENSG00000179913"
"1543",10380,10380.1,"ENSG00000162813"
"1544",10390,10390.1,"ENSG00000134255"
"1545",10396,10396.1,"ENSG00000124406"
"1546",10400,10400.3,"ENSG00000133027"
"1547",10400,10400.2,"ENSG00000133027"
"1548",10400,10400.1,"ENSG00000133027"
"1549",10402,10402.1,"ENSG00000064225"
"1550",10423,10423.1,"ENSG00000103502"
"1551",10423,10423.2,"ENSG00000103502"
"1552",10449,10449.1,"ENSG00000167315"
"1553",10455,10455.1,"ENSG00000198721"
"1554",10476,10476.1,"ENSG00000167863"
"1555",10476,10476.2,"ENSG00000167863"
"1556",10478,10478.1,"ENSG00000100372"
"1557",10554,10554.1,"ENSG00000235758"
"1558",10554,10554.1,"ENSG00000226467"
"1559",10554,10554.1,"ENSG00000236873"
"1560",10554,10554.1,"ENSG00000228892"
"1561",10554,10554.1,"ENSG00000204310"
"1562",10554,10554.1,"ENSG00000206324"
"1563",10554,10554.1,"ENSG00000227642"
"1564",10555,10555.1,"ENSG00000169692"
"1565",10558,10558.1,"ENSG00000090054"
"1566",10559,10559.1,"ENSG00000164414"
"1567",10560,10560.1,"ENSG00000117479"
"1568",10568,10568.1,"ENSG00000157765"
"1569",10587,10587.1,"ENSG00000184470"
"1570",10587,10587.3,"ENSG00000184470"
"1571",10587,10587.2,"ENSG00000184470"
"1572",10588,10588.1,"ENSG00000136371"
"1573",10599,10599.1,"ENSG00000134538"
"1574",10606,10606.1,"ENSG00000128050"
"1575",10610,10610.1,"ENSG00000070731"
"1576",10632,10632.1,"ENSG00000167283"
"1577",10654,10654.1,"ENSG00000163344"
"1578",10678,10678.1,"ENSG00000170340"
"1579",10678,10678.2,"ENSG00000170340"
"1580",10682,10682.1,"ENSG00000147155"
"1581",10690,10690.1,"ENSG00000172461"
"1582",10720,10720.1,"ENSG00000213759"
"1583",10723,10723.1,"ENSG00000113504"
"1584",10723,10723.1,"ENSG00000276482"
"1585",10724,10724.1,"ENSG00000198408"
"1586",10728,10728.1,"ENSG00000110958"
"1587",10768,10768.2,"ENSG00000168710"
"1588",10768,10768.1,"ENSG00000168710"
"1589",10786,10786.1,"ENSG00000124564"
"1590",10797,10797.1,"ENSG00000065911"
"1591",10840,10840.1,"ENSG00000144908"
"1592",10841,10841.2,"ENSG00000281775"
"1593",10841,10841.2,"ENSG00000160282"
"1594",10841,10841.1,"ENSG00000281775"
"1595",10841,10841.1,"ENSG00000160282"
"1596",10846,10846.1,"ENSG00000112541"
"1597",10858,10858.1,"ENSG00000036530"
"1598",10861,10861.3,"ENSG00000145217"
"1599",10861,10861.1,"ENSG00000145217"
"1600",10861,10861.2,"ENSG00000145217"
"1601",10864,10864.1,"ENSG00000137204"
"1602",10870,10870.1,"ENSG00000126264"
"1603",10873,10873.1,"ENSG00000151376"
"1604",10901,10901.1,"ENSG00000284807"
"1605",10901,10901.1,"ENSG00000157326"
"1606",10905,10905.1,"ENSG00000198162"
"1607",10919,10919.2,"ENSG00000227333"
"1608",10919,10919.2,"ENSG00000224143"
"1609",10919,10919.2,"ENSG00000206376"
"1610",10919,10919.2,"ENSG00000232045"
"1611",10919,10919.2,"ENSG00000204371"
"1612",10919,10919.2,"ENSG00000236759"
"1613",10919,10919.2,"ENSG00000238134"
"1614",10919,10919.1,"ENSG00000227333"
"1615",10919,10919.1,"ENSG00000224143"
"1616",10919,10919.1,"ENSG00000206376"
"1617",10919,10919.1,"ENSG00000232045"
"1618",10919,10919.1,"ENSG00000204371"
"1619",10919,10919.1,"ENSG00000236759"
"1620",10919,10919.1,"ENSG00000238134"
"1621",10935,10935.2,"ENSG00000165672"
"1622",10935,10935.1,"ENSG00000165672"
"1623",10948,10948.1,"ENSG00000131748"
"1624",10965,10965.1,"ENSG00000119673"
"1625",10975,10975.1,"ENSG00000127540"
"1626",10991,10991.1,"ENSG00000188338"
"1627",10993,10993.1,"ENSG00000135094"
"1628",10998,10998.1,"ENSG00000083807"
"1629",10999,10999.1,"ENSG00000167114"
"1630",11000,11000.1,"ENSG00000143554"
"1631",11000,11000.1,"ENSG00000263163"
"1632",11001,11001.1,"ENSG00000140284"
"1633",11041,11041.1,"ENSG00000174684"
"1634",11046,11046.1,"ENSG00000130958"
"1635",11046,11046.1,"ENSG00000285269"
"1636",11112,11112.1,"ENSG00000106049"
"1637",11136,11136.1,"ENSG00000021488"
"1638",11164,11164.1,"ENSG00000165609"
"1639",11181,11181.1,"ENSG00000118094"
"1640",11182,11182.1,"ENSG00000281165"
"1641",11182,11182.1,"ENSG00000160326"
"1642",11185,11185.1,"ENSG00000241644"
"1643",11212,11212.1,"ENSG00000147471"
"1644",11226,11226.1,"ENSG00000139629"
"1645",11227,11227.1,"ENSG00000136542"
"1646",11238,11238.1,"ENSG00000169239"
"1647",11253,11253.1,"ENSG00000177239"
"1648",11254,11254.1,"ENSG00000268104"
"1649",11282,11282.1,"ENSG00000161013"
"1650",11282,11282.1,"ENSG00000284501"
"1651",11282,11282.2,"ENSG00000161013"
"1652",11282,11282.2,"ENSG00000284501"
"1653",11283,11283.1,"ENSG00000186526"
"1654",11285,11285.1,"ENSG00000027847"
"1655",11309,11309.1,"ENSG00000137491"
"1656",11320,11320.1,"ENSG00000071073"
"1657",11332,11332.1,"ENSG00000097021"
"1658",11343,11343.2,"ENSG00000074416"
"1659",11343,11343.1,"ENSG00000074416"
"1660",22856,22856.1,"ENSG00000131873"
"1661",22928,22928.1,"ENSG00000179918"
"1662",22929,22929.1,"ENSG00000086475"
"1663",22934,22934.1,"ENSG00000153574"
"1664",22978,22978.1,"ENSG00000076685"
"1665",23007,23007.1,"ENSG00000114805"
"1666",23057,23057.2,"ENSG00000157064"
"1667",23057,23057.1,"ENSG00000157064"
"1668",23169,23169.1,"ENSG00000116704"
"1669",23205,23205.1,"ENSG00000103740"
"1670",23236,23236.1,"ENSG00000182621"
"1671",23236,23236.2,"ENSG00000182621"
"1672",23305,23305.1,"ENSG00000164398"
"1673",23315,23315.1,"ENSG00000197818"
"1674",23382,23382.1,"ENSG00000158467"
"1675",23396,23396.1,"ENSG00000186111"
"1676",23417,23417.1,"ENSG00000103150"
"1677",23428,23428.1,"ENSG00000092068"
"1678",23428,23428.2,"ENSG00000092068"
"1679",23430,23430.1,"ENSG00000095917"
"1680",23439,23439.1,"ENSG00000101892"
"1681",23443,23443.1,"ENSG00000117620"
"1682",23464,23464.1,"ENSG00000100116"
"1683",23475,23475.1,"ENSG00000103485"
"1684",23478,23478.1,"ENSG00000140612"
"1685",23483,23483.1,"ENSG00000088451"
"1686",23498,23498.1,"ENSG00000162882"
"1687",23530,23530.1,"ENSG00000112992"
"1688",23530,23530.2,"ENSG00000112992"
"1689",23533,23533.1,"ENSG00000141506"
"1690",23539,23539.1,"ENSG00000100156"
"1691",23545,23545.1,"ENSG00000185344"
"1692",23556,23556.2,"ENSG00000197563"
"1693",23556,23556.1,"ENSG00000197563"
"1694",23563,23563.2,"ENSG00000135702"
"1695",23563,23563.1,"ENSG00000135702"
"1696",23600,23600.1,"ENSG00000242110"
"1697",23600,23600.2,"ENSG00000242110"
"1698",23632,23632.1,"ENSG00000118298"
"1699",23657,23657.1,"ENSG00000151012"
"1700",23743,23743.1,"ENSG00000132840"
"1701",23761,23761.1,"ENSG00000241878"
"1702",25769,25769.1,"ENSG00000155886"
"1703",25796,25796.1,"ENSG00000130313"
"1704",25828,25828.1,"ENSG00000100348"
"1705",25830,25830.1,"ENSG00000130540"
"1706",25902,25902.1,"ENSG00000120254"
"1707",26002,26002.1,"ENSG00000079931"
"1708",26035,26035.1,"ENSG00000138604"
"1709",26061,26061.1,"ENSG00000131373"
"1710",26063,26063.1,"ENSG00000274296"
"1711",26063,26063.1,"ENSG00000242612"
"1712",26227,26227.1,"ENSG00000092621"
"1713",26229,26229.1,"ENSG00000149541"
"1714",26266,26266.1,"ENSG00000164707"
"1715",26275,26275.2,"ENSG00000198130"
"1716",26275,26275.1,"ENSG00000198130"
"1717",26279,26279.1,"ENSG00000117215"
"1718",26289,26289.2,"ENSG00000154027"
"1719",26289,26289.1,"ENSG00000154027"
"1720",26290,26290.1,"ENSG00000130035"
"1721",26301,26301.1,"ENSG00000148288"
"1722",26330,26330.1,"ENSG00000105679"
"1723",26503,26503.1,"ENSG00000119899"
"1724",26873,26873.1,"ENSG00000178814"
"1725",27010,27010.1,"ENSG00000196511"
"1726",27034,27034.1,"ENSG00000151498"
"1727",27068,27068.4,"ENSG00000138777"
"1728",27068,27068.1,"ENSG00000138777"
"1729",27068,27068.3,"ENSG00000138777"
"1730",27068,27068.2,"ENSG00000138777"
"1731",27087,27087.1,"ENSG00000109956"
"1732",27087,27087.2,"ENSG00000109956"
"1733",27089,27089.1,"ENSG00000164405"
"1734",27109,27109.1,"ENSG00000125375"
"1735",27115,27115.1,"ENSG00000171408"
"1736",27124,27124.2,"ENSG00000185133"
"1737",27124,27124.1,"ENSG00000185133"
"1738",27159,27159.2,"ENSG00000134216"
"1739",27159,27159.1,"ENSG00000134216"
"1740",27165,27165.1,"ENSG00000135423"
"1741",27165,27165.2,"ENSG00000135423"
"1742",27232,27232.1,"ENSG00000124713"
"1743",27235,27235.1,"ENSG00000173085"
"1744",27306,27306.1,"ENSG00000163106"
"1745",27349,27349.1,"ENSG00000100294"
"1746",27349,27349.2,"ENSG00000100294"
"1747",27430,27430.1,"ENSG00000038274"
"1748",27430,27430.2,"ENSG00000038274"
"1749",28231,28231.1,"ENSG00000101187"
"1750",28232,28232.1,"ENSG00000176463"
"1751",28234,28234.1,"ENSG00000111700"
"1752",28965,28965.1,"ENSG00000113396"
"1753",28972,28972.1,"ENSG00000114902"
"1754",28976,28976.1,"ENSG00000177646"
"1755",28982,28982.1,"ENSG00000162769"
"1756",29124,29124.1,"ENSG00000105198"
"1757",29785,29785.1,"ENSG00000167600"
"1758",29796,29796.2,"ENSG00000184076"
"1759",29796,29796.1,"ENSG00000184076"
"1760",29880,29880.1,"ENSG00000120697"
"1761",29881,29881.1,"ENSG00000015520"
"1762",29906,29906.1,"ENSG00000101638"
"1763",29920,29920.1,"ENSG00000143811"
"1764",29922,29922.1,"ENSG00000143156"
"1765",29922,29922.2,"ENSG00000143156"
"1766",29925,29925.1,"ENSG00000173540"
"1767",29925,29925.2,"ENSG00000173540"
"1768",29926,29926.1,"ENSG00000144591"
"1769",29926,29926.2,"ENSG00000144591"
"1770",29929,29929.1,"ENSG00000088035"
"1771",29953,29953.1,"ENSG00000072657"
"1772",29958,29958.1,"ENSG00000132837"
"1773",29968,29968.1,"ENSG00000135069"
"1774",29968,29968.2,"ENSG00000135069"
"1775",29988,29988.1,"ENSG00000136856"
"1776",30061,30061.1,"ENSG00000138449"
"1777",30814,30814.1,"ENSG00000188784"
"1778",30815,30815.1,"ENSG00000160408"
"1779",30833,30833.1,"ENSG00000125458"
"1780",50484,50484.1,"ENSG00000048392"
"1781",50487,50487.1,"ENSG00000100078"
"1782",50506,50506.1,"ENSG00000140279"
"1783",50515,50515.1,"ENSG00000171310"
"1784",50614,50614.1,"ENSG00000288490"
"1785",50614,50614.1,"ENSG00000182870"
"1786",50617,50617.2,"ENSG00000105929"
"1787",50617,50617.1,"ENSG00000105929"
"1788",50617,50617.3,"ENSG00000105929"
"1789",50700,50700.1,"ENSG00000080511"
"1790",50808,50808.1,"ENSG00000147853"
"1791",50814,50814.1,"ENSG00000147383"
"1792",50940,50940.1,"ENSG00000128655"
"1793",50940,50940.1,"ENSG00000284741"
"1794",51004,51004.2,"ENSG00000119723"
"1795",51004,51004.1,"ENSG00000119723"
"1796",51005,51005.1,"ENSG00000162066"
"1797",51022,51022.1,"ENSG00000023572"
"1798",51022,51022.2,"ENSG00000023572"
"1799",51056,51056.1,"ENSG00000002549"
"1800",51071,51071.1,"ENSG00000023697"
"1801",51079,51079.1,"ENSG00000186010"
"1802",51086,51086.1,"ENSG00000116783"
"1803",51102,51102.1,"ENSG00000116353"
"1804",51109,51109.1,"ENSG00000072042"
"1805",51146,51146.1,"ENSG00000118017"
"1806",51166,51166.2,"ENSG00000109576"
"1807",51166,51166.1,"ENSG00000109576"
"1808",51179,51179.1,"ENSG00000116882"
"1809",51179,51179.2,"ENSG00000116882"
"1810",51181,51181.1,"ENSG00000169738"
"1811",51196,51196.1,"ENSG00000138193"
"1812",51205,51205.1,"ENSG00000162836"
"1813",51227,51227.3,"ENSG00000185808"
"1814",51227,51227.2,"ENSG00000185808"
"1815",51227,51227.1,"ENSG00000185808"
"1816",51251,51251.1,"ENSG00000122643"
"1817",51268,51268.1,"ENSG00000179761"
"1818",51292,51292.2,"ENSG00000284752"
"1819",51292,51292.2,"ENSG00000100938"
"1820",51292,51292.1,"ENSG00000284752"
"1821",51292,51292.1,"ENSG00000100938"
"1822",51292,51292.3,"ENSG00000284752"
"1823",51292,51292.3,"ENSG00000100938"
"1824",51296,51296.1,"ENSG00000110446"
"1825",51301,51301.1,"ENSG00000176928"
"1826",51302,51302.1,"ENSG00000146233"
"1827",51380,51380.1,"ENSG00000139631"
"1828",51382,51382.1,"ENSG00000100554"
"1829",51447,51447.6,"ENSG00000068745"
"1830",51447,51447.5,"ENSG00000068745"
"1831",51447,51447.3,"ENSG00000068745"
"1832",51447,51447.4,"ENSG00000068745"
"1833",51447,51447.1,"ENSG00000068745"
"1834",51447,51447.2,"ENSG00000068745"
"1835",51477,51477.1,"ENSG00000105655"
"1836",51478,51478.1,"ENSG00000132196"
"1837",51529,51529.1,"ENSG00000141552"
"1838",51540,51540.1,"ENSG00000132330"
"1839",51550,51550.1,"ENSG00000100865"
"1840",51557,51557.1,"ENSG00000146166"
"1841",51604,51604.1,"ENSG00000124155"
"1842",51606,51606.2,"ENSG00000047249"
"1843",51606,51606.1,"ENSG00000047249"
"1844",51606,51606.3,"ENSG00000047249"
"1845",51700,51700.1,"ENSG00000166394"
"1846",51703,51703.1,"ENSG00000197142"
"1847",51706,51706.1,"ENSG00000159348"
"1848",51727,51727.1,"ENSG00000162368"
"1849",51733,51733.1,"ENSG00000100024"
"1850",51805,51805.1,"ENSG00000132423"
"1851",51809,51809.1,"ENSG00000109586"
"1852",53343,53343.3,"ENSG00000170502"
"1853",53343,53343.2,"ENSG00000170502"
"1854",53343,53343.1,"ENSG00000170502"
"1855",53354,53354.3,"ENSG00000152782"
"1856",53354,53354.2,"ENSG00000152782"
"1857",53354,53354.1,"ENSG00000152782"
"1858",53630,53630.1,"ENSG00000135697"
"1859",53905,53905.2,"ENSG00000137857"
"1860",53905,53905.1,"ENSG00000137857"
"1861",53919,53919.1,"ENSG00000139155"
"1862",53947,53947.1,"ENSG00000128274"
"1863",54020,54020.1,"ENSG00000160190"
"1864",54187,54187.1,"ENSG00000095380"
"1865",54344,54344.2,"ENSG00000179085"
"1866",54344,54344.1,"ENSG00000179085"
"1867",54363,54363.1,"ENSG00000101323"
"1868",54407,54407.1,"ENSG00000134294"
"1869",54480,54480.1,"ENSG00000033100"
"1870",54490,54490.1,"ENSG00000135226"
"1871",54511,54511.1,"ENSG00000146151"
"1872",54539,54539.1,"ENSG00000147123"
"1873",54575,54575.1,"ENSG00000242515"
"1874",54576,54576.1,"ENSG00000242366"
"1875",54577,54577.1,"ENSG00000244122"
"1876",54578,54578.1,"ENSG00000167165"
"1877",54579,54579.1,"ENSG00000240224"
"1878",54600,54600.1,"ENSG00000241119"
"1879",54657,54657.1,"ENSG00000244474"
"1880",54658,54658.1,"ENSG00000241635"
"1881",54659,54659.1,"ENSG00000243135"
"1882",54675,54675.1,"ENSG00000088766"
"1883",54677,54677.1,"ENSG00000005469"
"1884",54682,54682.1,"ENSG00000281818"
"1885",54682,54682.1,"ENSG00000111261"
"1886",54716,54716.1,"ENSG00000163817"
"1887",54872,54872.1,"ENSG00000174227"
"1888",54898,54898.1,"ENSG00000197977"
"1889",54963,54963.1,"ENSG00000198276"
"1890",54965,54965.1,"ENSG00000163964"
"1891",54981,54981.1,"ENSG00000106733"
"1892",54995,54995.1,"ENSG00000151093"
"1893",55065,55065.1,"ENSG00000132517"
"1894",55089,55089.1,"ENSG00000139209"
"1895",55163,55163.1,"ENSG00000108439"
"1896",55191,55191.1,"ENSG00000172890"
"1897",55217,55217.1,"ENSG00000185973"
"1898",55224,55224.1,"ENSG00000143845"
"1899",55229,55229.1,"ENSG00000157881"
"1900",55229,55229.1,"ENSG00000273494"
"1901",55268,55268.1,"ENSG00000121310"
"1902",55276,55276.1,"ENSG00000169299"
"1903",55293,55293.1,"ENSG00000151116"
"1904",55301,55301.1,"ENSG00000152463"
"1905",55304,55304.1,"ENSG00000172296"
"1906",55312,55312.1,"ENSG00000135002"
"1907",55315,55315.1,"ENSG00000198246"
"1908",55326,55326.1,"ENSG00000155189"
"1909",55326,55326.1,"ENSG00000284980"
"1910",55343,55343.1,"ENSG00000181830"
"1911",55349,55349.1,"ENSG00000016391"
"1912",55350,55350.1,"ENSG00000093134"
"1913",55350,55350.3,"ENSG00000093134"
"1914",55350,55350.2,"ENSG00000093134"
"1915",55361,55361.1,"ENSG00000155252"
"1916",55454,55454.1,"ENSG00000169826"
"1917",55500,55500.1,"ENSG00000139163"
"1918",55501,55501.1,"ENSG00000136213"
"1919",55512,55512.1,"ENSG00000103056"
"1920",55512,55512.2,"ENSG00000103056"
"1921",55568,55568.2,"ENSG00000164574"
"1922",55568,55568.1,"ENSG00000164574"
"1923",55577,55577.1,"ENSG00000124357"
"1924",55586,55586.1,"ENSG00000100253"
"1925",55627,55627.1,"ENSG00000136699"
"1926",55650,55650.1,"ENSG00000060642"
"1927",55748,55748.1,"ENSG00000133313"
"1928",55790,55790.1,"ENSG00000147408"
"1929",55808,55808.1,"ENSG00000070526"
"1930",55811,55811.1,"ENSG00000143199"
"1931",55825,55825.1,"ENSG00000115425"
"1932",55902,55902.1,"ENSG00000131069"
"1933",55902,55902.2,"ENSG00000131069"
"1934",55907,55907.1,"ENSG00000111726"
"1935",55967,55967.1,"ENSG00000184752"
"1936",56052,56052.1,"ENSG00000033011"
"1937",56267,56267.1,"ENSG00000137944"
"1938",56301,56301.1,"ENSG00000130876"
"1939",56474,56474.1,"ENSG00000047230"
"1940",56548,56548.1,"ENSG00000147119"
"1941",56603,56603.1,"ENSG00000003137"
"1942",56606,56606.1,"ENSG00000109667"
"1943",56606,56606.2,"ENSG00000109667"
"1944",56623,56623.1,"ENSG00000148384"
"1945",56848,56848.1,"ENSG00000063176"
"1946",56894,56894.1,"ENSG00000160216"
"1947",56894,56894.2,"ENSG00000160216"
"1948",56895,56895.1,"ENSG00000026652"
"1949",56913,56913.1,"ENSG00000106392"
"1950",56922,56922.1,"ENSG00000078070"
"1951",56953,56953.1,"ENSG00000205309"
"1952",56954,56954.1,"ENSG00000114021"
"1953",56994,56994.1,"ENSG00000111666"
"1954",57026,57026.1,"ENSG00000241360"
"1955",57030,57030.1,"ENSG00000104888"
"1956",57084,57084.1,"ENSG00000091664"
"1957",57094,57094.1,"ENSG00000165078"
"1958",57127,57127.1,"ENSG00000132677"
"1959",57134,57134.1,"ENSG00000117643"
"1960",57171,57171.1,"ENSG00000167130"
"1961",57194,57194.1,"ENSG00000206190"
"1962",57282,57282.1,"ENSG00000144290"
"1963",57379,57379.1,"ENSG00000111732"
"1964",57393,57393.1,"ENSG00000147003"
"1965",57419,57419.1,"ENSG00000185052"
"1966",57468,57468.1,"ENSG00000124140"
"1967",57486,57486.1,"ENSG00000123213"
"1968",57571,57571.1,"ENSG00000172508"
"1969",57665,57665.1,"ENSG00000240857"
"1970",57678,57678.1,"ENSG00000119927"
"1971",57733,57733.1,"ENSG00000249948"
"1972",57818,57818.1,"ENSG00000152254"
"1973",57818,57818.1,"ENSG00000278373"
"1974",57834,57834.1,"ENSG00000171903"
"1975",57835,57835.2,"ENSG00000188687"
"1976",57835,57835.4,"ENSG00000188687"
"1977",57835,57835.1,"ENSG00000188687"
"1978",57835,57835.3,"ENSG00000188687"
"1979",58508,58508.1,"ENSG00000055609"
"1980",58508,58508.2,"ENSG00000055609"
"1981",58510,58510.1,"ENSG00000250799"
"1982",59272,59272.1,"ENSG00000130234"
"1983",60386,60386.1,"ENSG00000125454"
"1984",60481,60481.1,"ENSG00000012660"
"1985",60482,60482.1,"ENSG00000115665"
"1986",60490,60490.1,"ENSG00000138621"
"1987",60496,60496.1,"ENSG00000149313"
"1988",60559,60559.1,"ENSG00000129128"
"1989",63917,63917.1,"ENSG00000178234"
"1990",64064,64064.1,"ENSG00000198754"
"1991",64077,64077.1,"ENSG00000107902"
"1992",64078,64078.1,"ENSG00000197506"
"1993",64080,64080.1,"ENSG00000171174"
"1994",64087,64087.1,"ENSG00000281742"
"1995",64087,64087.1,"ENSG00000131844"
"1996",64087,64087.1,"ENSG00000275300"
"1997",64131,64131.1,"ENSG00000285395"
"1998",64131,64131.1,"ENSG00000103489"
"1999",64132,64132.1,"ENSG00000015532"
"2000",64220,64220.1,"ENSG00000288257"
"2001",64220,64220.1,"ENSG00000137868"
"2002",64240,64240.1,"ENSG00000138075"
"2003",64241,64241.1,"ENSG00000143921"
"2004",64499,64499.1,"ENSG00000197253"
"2005",64579,64579.1,"ENSG00000138653"
"2006",64600,64600.1,"ENSG00000158786"
"2007",64711,64711.1,"ENSG00000162040"
"2008",64711,64711.1,"ENSG00000276333"
"2009",64772,64772.1,"ENSG00000167280"
"2010",64781,64781.2,"ENSG00000100422"
"2011",64781,64781.1,"ENSG00000100422"
"2012",64802,64802.1,"ENSG00000173614"
"2013",64816,64816.1,"ENSG00000021461"
"2014",64816,64816.3,"ENSG00000021461"
"2015",64816,64816.2,"ENSG00000021461"
"2016",64834,64834.1,"ENSG00000066322"
"2017",64841,64841.1,"ENSG00000100522"
"2018",64849,64849.2,"ENSG00000158296"
"2019",64849,64849.1,"ENSG00000158296"
"2020",64850,64850.1,"ENSG00000164089"
"2021",64902,64902.1,"ENSG00000113492"
"2022",65010,65010.2,"ENSG00000225697"
"2023",65010,65010.1,"ENSG00000225697"
"2024",65010,65010.3,"ENSG00000225697"
"2025",65220,65220.1,"ENSG00000008130"
"2026",65263,65263.1,"ENSG00000276657"
"2027",65263,65263.1,"ENSG00000104524"
"2028",65985,65985.1,"ENSG00000081760"
"2029",66002,66002.1,"ENSG00000186204"
"2030",66035,66035.1,"ENSG00000133460"
"2031",66035,66035.1,"ENSG00000275744"
"2032",79017,79017.1,"ENSG00000006625"
"2033",79053,79053.2,"ENSG00000159063"
"2034",79053,79053.3,"ENSG00000159063"
"2035",79053,79053.1,"ENSG00000159063"
"2036",79071,79071.1,"ENSG00000170522"
"2037",79077,79077.1,"ENSG00000179958"
"2038",79087,79087.1,"ENSG00000182858"
"2039",79178,79178.1,"ENSG00000259431"
"2040",79369,79369.1,"ENSG00000176383"
"2041",79581,79581.1,"ENSG00000185803"
"2042",79581,79581.1,"ENSG00000285112"
"2043",79586,79586.1,"ENSG00000123989"
"2044",79611,79611.1,"ENSG00000111058"
"2045",79623,79623.1,"ENSG00000158089"
"2046",79646,79646.1,"ENSG00000120137"
"2047",79695,79695.1,"ENSG00000119514"
"2048",79717,79717.1,"ENSG00000127125"
"2049",79723,79723.1,"ENSG00000152455"
"2050",79751,79751.1,"ENSG00000177542"
"2051",79813,79813.1,"ENSG00000181090"
"2052",79814,79814.1,"ENSG00000116771"
"2053",79837,79837.1,"ENSG00000166908"
"2054",79896,79896.1,"ENSG00000185875"
"2055",79901,79901.1,"ENSG00000071967"
"2056",79966,79966.1,"ENSG00000145284"
"2057",80025,80025.4,"ENSG00000125779"
"2058",80025,80025.1,"ENSG00000125779"
"2059",80025,80025.2,"ENSG00000125779"
"2060",80025,80025.3,"ENSG00000125779"
"2061",80025,80025.5,"ENSG00000125779"
"2062",80055,80055.1,"ENSG00000197121"
"2063",80142,80142.1,"ENSG00000148334"
"2064",80142,80142.4,"ENSG00000148334"
"2065",80142,80142.2,"ENSG00000148334"
"2066",80142,80142.3,"ENSG00000148334"
"2067",80146,80146.1,"ENSG00000115652"
"2068",80150,80150.1,"ENSG00000162174"
"2069",80162,80162.1,"ENSG00000142102"
"2070",80168,80168.1,"ENSG00000166391"
"2071",80201,80201.1,"ENSG00000156510"
"2072",80235,80235.1,"ENSG00000119227"
"2073",80270,80270.1,"ENSG00000099377"
"2074",80271,80271.1,"ENSG00000086544"
"2075",80308,80308.1,"ENSG00000160688"
"2076",80308,80308.2,"ENSG00000160688"
"2077",80339,80339.1,"ENSG00000100344"
"2078",80347,80347.1,"ENSG00000068120"
"2079",80704,80704.1,"ENSG00000135917"
"2080",80724,80724.1,"ENSG00000111271"
"2081",80854,80854.1,"ENSG00000145391"
"2082",81031,81031.1,"ENSG00000197496"
"2083",81490,81490.1,"ENSG00000174915"
"2084",81490,81490.1,"ENSG00000282367"
"2085",81537,81537.1,"ENSG00000126821"
"2086",81537,81537.1,"ENSG00000285281"
"2087",81539,81539.1,"ENSG00000111371"
"2088",81579,81579.1,"ENSG00000123739"
"2089",81616,81616.1,"ENSG00000130377"
"2090",81693,81693.1,"ENSG00000166126"
"2091",81849,81849.1,"ENSG00000117069"
"2092",83549,83549.1,"ENSG00000130717"
"2093",83594,83594.1,"ENSG00000112874"
"2094",83697,83697.1,"ENSG00000113073"
"2095",83733,83733.1,"ENSG00000182902"
"2096",83852,83852.1,"ENSG00000136169"
"2097",83884,83884.1,"ENSG00000120329"
"2098",84002,84002.1,"ENSG00000176597"
"2099",84076,84076.1,"ENSG00000151005"
"2100",84105,84105.1,"ENSG00000132570"
"2101",84129,84129.1,"ENSG00000240303"
"2102",84264,84264.1,"ENSG00000103253"
"2103",84264,84264.2,"ENSG00000103253"
"2104",84444,84444.1,"ENSG00000104885"
"2105",84532,84532.1,"ENSG00000154930"
"2106",84569,84569.1,"ENSG00000120563"
"2107",84618,84618.1,"ENSG00000116981"
"2108",84649,84649.1,"ENSG00000062282"
"2109",84679,84679.1,"ENSG00000065923"
"2110",84693,84693.1,"ENSG00000124370"
"2111",84701,84701.1,"ENSG00000131055"
"2112",84706,84706.1,"ENSG00000166123"
"2113",84720,84720.2,"ENSG00000165282"
"2114",84720,84720.1,"ENSG00000165282"
"2115",84735,84735.1,"ENSG00000150656"
"2116",84803,84803.1,"ENSG00000138678"
"2117",84812,84812.1,"ENSG00000115556"
"2118",84889,84889.1,"ENSG00000165349"
"2119",84890,84890.1,"ENSG00000181915"
"2120",84912,84912.1,"ENSG00000205060"
"2121",84920,84920.1,"ENSG00000139133"
"2122",85320,85320.1,"ENSG00000121270"
"2123",85365,85365.1,"ENSG00000119523"
"2124",85365,85365.2,"ENSG00000119523"
"2125",85465,85465.1,"ENSG00000138018"
"2126",89869,89869.1,"ENSG00000139151"
"2127",89874,89874.1,"ENSG00000183032"
"2128",90161,90161.1,"ENSG00000171004"
"2129",90161,90161.2,"ENSG00000171004"
"2130",90423,90423.1,"ENSG00000250565"
"2131",90701,90701.1,"ENSG00000166562"
"2132",91227,91227.1,"ENSG00000100121"
"2133",91373,91373.1,"ENSG00000197355"
"2134",91703,91703.1,"ENSG00000132744"
"2135",91734,91734.1,"ENSG00000148377"
"2136",92086,92086.1,"ENSG00000149435"
"2137",92483,92483.1,"ENSG00000171989"
"2138",92579,92579.1,"ENSG00000141349"
"2139",92745,92745.1,"ENSG00000017483"
"2140",93010,93010.1,"ENSG00000156966"
"2141",93034,93034.2,"ENSG00000185013"
"2142",93034,93034.1,"ENSG00000185013"
"2143",93100,93100.1,"ENSG00000278488"
"2144",93100,93100.1,"ENSG00000147813"
"2145",93183,93183.1,"ENSG00000143315"
"2146",93492,93492.1,"ENSG00000132958"
"2147",93979,93979.1,"ENSG00000158525"
"2148",94005,94005.1,"ENSG00000087111"
"2149",94033,94033.1,"ENSG00000181867"
"2150",112483,112483.1,"ENSG00000141504"
"2151",112611,112611.1,"ENSG00000013392"
"2152",112724,112724.1,"ENSG00000276684"
"2153",112724,112724.1,"ENSG00000274504"
"2154",112724,112724.1,"ENSG00000273944"
"2155",112724,112724.1,"ENSG00000278149"
"2156",112724,112724.1,"ENSG00000275474"
"2157",112724,112724.1,"ENSG00000278284"
"2158",112724,112724.1,"ENSG00000276341"
"2159",112724,112724.1,"ENSG00000276826"
"2160",112724,112724.1,"ENSG00000274418"
"2161",112724,112724.1,"ENSG00000160439"
"2162",113026,113026.1,"ENSG00000161714"
"2163",113189,113189.1,"ENSG00000169105"
"2164",113235,113235.1,"ENSG00000076351"
"2165",113278,113278.1,"ENSG00000101276"
"2166",113451,113451.1,"ENSG00000142920"
"2167",113675,113675.1,"ENSG00000139410"
"2168",114112,114112.1,"ENSG00000197763"
"2169",114134,114134.1,"ENSG00000151229"
"2170",114805,114805.1,"ENSG00000144278"
"2171",114971,114971.1,"ENSG00000110536"
"2172",114971,114971.1,"ENSG00000285206"
"2173",115019,115019.1,"ENSG00000174502"
"2174",115019,115019.2,"ENSG00000174502"
"2175",115111,115111.1,"ENSG00000147606"
"2176",115111,115111.2,"ENSG00000147606"
"2177",115286,115286.1,"ENSG00000282739"
"2178",115286,115286.1,"ENSG00000144741"
"2179",115286,115286.2,"ENSG00000282739"
"2180",115286,115286.2,"ENSG00000144741"
"2181",115286,115286.3,"ENSG00000282739"
"2182",115286,115286.3,"ENSG00000144741"
"2183",115584,115584.1,"ENSG00000288216"
"2184",115584,115584.1,"ENSG00000158865"
"2185",116255,116255.1,"ENSG00000124003"
"2186",116285,116285.1,"ENSG00000166743"
"2187",116369,116369.2,"ENSG00000112053"
"2188",116369,116369.1,"ENSG00000112053"
"2189",117247,117247.1,"ENSG00000112394"
"2190",117248,117248.1,"ENSG00000131386"
"2191",117283,117283.1,"ENSG00000161896"
"2192",118881,118881.1,"ENSG00000165644"
"2193",120103,120103.1,"ENSG00000180773"
"2194",121260,121260.1,"ENSG00000139370"
"2195",121278,121278.1,"ENSG00000139287"
"2196",122481,122481.1,"ENSG00000140057"
"2197",122622,122622.2,"ENSG00000185100"
"2198",122622,122622.1,"ENSG00000185100"
"2199",122970,122970.1,"ENSG00000177465"
"2200",123041,123041.1,"ENSG00000140090"
"2201",123041,123041.2,"ENSG00000140090"
"2202",123041,123041.3,"ENSG00000140090"
"2203",123099,123099.1,"ENSG00000168350"
"2204",123745,123745.1,"ENSG00000188089"
"2205",124583,124583.1,"ENSG00000171302"
"2206",124637,124637.1,"ENSG00000182224"
"2207",124935,124935.1,"ENSG00000278550"
"2208",124935,124935.1,"ENSG00000167703"
"2209",124975,124975.1,"ENSG00000167741"
"2210",125061,125061.1,"ENSG00000183077"
"2211",125206,125206.1,"ENSG00000154025"
"2212",125965,125965.1,"ENSG00000160471"
"2213",126129,126129.1,"ENSG00000169169"
"2214",126328,126328.1,"ENSG00000174886"
"2215",126410,126410.1,"ENSG00000171954"
"2216",126792,126792.1,"ENSG00000176022"
"2217",127124,127124.1,"ENSG00000263014"
"2218",127124,127124.1,"ENSG00000151418"
"2219",127124,127124.2,"ENSG00000263014"
"2220",127124,127124.2,"ENSG00000151418"
"2221",128869,128869.1,"ENSG00000101464"
"2222",129607,129607.1,"ENSG00000134326"
"2223",129642,129642.1,"ENSG00000143797"
"2224",129807,129807.1,"ENSG00000204099"
"2225",129807,129807.1,"ENSG00000277926"
"2226",130013,130013.1,"ENSG00000153086"
"2227",130367,130367.1,"ENSG00000163082"
"2228",130752,130752.1,"ENSG00000138400"
"2229",131669,131669.1,"ENSG00000159650"
"2230",132158,132158.1,"ENSG00000168237"
"2231",132789,132789.1,"ENSG00000163281"
"2232",134526,134526.1,"ENSG00000172497"
"2233",135152,135152.1,"ENSG00000112309"
"2234",137872,137872.1,"ENSG00000147576"
"2235",137964,137964.1,"ENSG00000158669"
"2236",140679,140679.1,"ENSG00000101438"
"2237",140838,140838.1,"ENSG00000170191"
"2238",142680,142680.1,"ENSG00000198569"
"2239",144193,144193.1,"ENSG00000139344"
"2240",144195,144195.1,"ENSG00000173262"
"2241",145226,145226.1,"ENSG00000139988"
"2242",146712,146712.1,"ENSG00000175711"
"2243",146712,146712.1,"ENSG00000277033"
"2244",150763,150763.1,"ENSG00000186281"
"2245",151531,151531.1,"ENSG00000007001"
"2246",153201,153201.1,"ENSG00000186335"
"2247",154091,154091.1,"ENSG00000146411"
"2248",155184,155184.1,"ENSG00000197241"
"2249",157506,157506.1,"ENSG00000121039"
"2250",159963,159963.1,"ENSG00000148942"
"2251",160287,160287.1,"ENSG00000166800"
"2252",160428,160428.1,"ENSG00000136010"
"2253",160728,160728.1,"ENSG00000256870"
"2254",160728,160728.1,"ENSG00000262217"
"2255",160851,160851.1,"ENSG00000102780"
"2256",160851,160851.2,"ENSG00000102780"
"2257",162417,162417.1,"ENSG00000161653"
"2258",162466,162466.1,"ENSG00000173868"
"2259",166012,166012.1,"ENSG00000180767"
"2260",166785,166785.1,"ENSG00000151611"
"2261",169355,169355.1,"ENSG00000188676"
"2262",170712,170712.1,"ENSG00000170516"
"2263",171425,171425.1,"ENSG00000125246"
"2264",171425,171425.2,"ENSG00000125246"
"2265",192134,192134.1,"ENSG00000198488"
"2266",195814,195814.1,"ENSG00000170786"
"2267",196743,196743.1,"ENSG00000148832"
"2268",196883,196883.1,"ENSG00000284814"
"2269",196883,196883.1,"ENSG00000129467"
"2270",197257,197257.1,"ENSG00000166816"
"2271",197257,197257.2,"ENSG00000166816"
"2272",197258,197258.1,"ENSG00000157353"
"2273",199974,199974.1,"ENSG00000186160"
"2274",200010,200010.1,"ENSG00000117834"
"2275",200576,200576.2,"ENSG00000115020"
"2276",200576,200576.3,"ENSG00000115020"
"2277",200576,200576.1,"ENSG00000115020"
"2278",206358,206358.1,"ENSG00000123643"
"2279",221823,221823.1,"ENSG00000229937"
"2280",221823,221823.2,"ENSG00000229937"
"2281",222537,222537.1,"ENSG00000249853"
"2282",245972,245972.1,"ENSG00000147614"
"2283",245973,245973.1,"ENSG00000143882"
"2284",246213,246213.1,"ENSG00000179520"
"2285",253430,253430.1,"ENSG00000151151"
"2286",256435,256435.1,"ENSG00000184005"
"2287",257068,257068.1,"ENSG00000240891"
"2288",257202,257202.1,"ENSG00000198704"
"2289",257202,257202.1,"ENSG00000281185"
"2290",259230,259230.1,"ENSG00000198964"
"2291",260293,260293.1,"ENSG00000186377"
"2292",266722,266722.1,"ENSG00000185352"
"2293",267020,267020.1,"ENSG00000249222"
"2294",283871,283871.1,"ENSG00000184207"
"2295",284098,284098.1,"ENSG00000275600"
"2296",284098,284098.1,"ENSG00000277161"
"2297",284111,284111.1,"ENSG00000141485"
"2298",284129,284129.1,"ENSG00000181045"
"2299",284273,284273.2,"ENSG00000180011"
"2300",284273,284273.1,"ENSG00000180011"
"2301",337876,337876.1,"ENSG00000198108"
"2302",339221,339221.1,"ENSG00000182156"
"2303",340024,340024.1,"ENSG00000174358"
"2304",341947,341947.1,"ENSG00000187581"
"2305",341947,341947.1,"ENSG00000277018"
"2306",347734,347734.1,"ENSG00000157593"
"2307",349565,349565.1,"ENSG00000163864"
"2308",373156,373156.1,"ENSG00000197448"
"2309",374291,374291.1,"ENSG00000115286"
"2310",374569,374569.1,"ENSG00000166183"
"2311",374907,374907.2,"ENSG00000177191"
"2312",374907,374907.1,"ENSG00000177191"
"2313",375056,375056.1,"ENSG00000154305"
"2314",376497,376497.1,"ENSG00000130304"
"2315",376497,376497.2,"ENSG00000130304"
"2316",377677,377677.1,"ENSG00000185015"
"2317",377841,377841.1,"ENSG00000188833"
"2318",387775,387775.1,"ENSG00000184999"
"2319",387893,387893.1,"ENSG00000183955"
"2320",389015,389015.1,"ENSG00000180251"
"2321",441024,441024.1,"ENSG00000163738"
"2322",548596,548596.1,"ENSG00000223572"
"2323",641371,641371.1,"ENSG00000184227"
"2324",641372,641372.1,"ENSG00000205669"
"2325",641649,641649.1,"ENSG00000142046"
"2326",728441,728441.1,"ENSG00000133475"
"2327",100137049,100137049.1,"ENSG00000243708"
"2328",100526794,100526794.1,"ENSG00000250741"
"2329",102724560,102724560.1,"ENSG00000274276"
